Dataset,Porosity,Permeability,Q1_Local_Thickness,Mean_Local_Thickness,Max_Local_Thickness
Spherical_Pores,0.49859606481481483,1615.53564453125,5.265637581930931,7.449318010090669,10.891451493412363
Spherical_Pores,0.49859606481481483,1615.53564453125,5.265637581930931,7.449318010090672,10.891451493412363
Spherical_Pores,0.49859606481481483,1615.53564453125,5.265637581930931,7.44931801009067,10.891451493412363
Spherical_Pores,0.49859606481481483,1615.53564453125,5.265637581930931,7.449318010090673,10.891451493412363
Spherical_Pores,0.5079751157407407,1614.3919677734375,5.265637581930931,7.617279509271822,10.891451493412363
Spherical_Pores,0.5079751157407407,1614.3919677734375,5.265637581930931,7.617279509271826,10.891451493412363
Spherical_Pores,0.5079751157407407,1614.3919677734375,5.265637581930931,7.617279509271822,10.891451493412363
Spherical_Pores,0.5079751157407407,1614.3919677734375,5.265637581930931,7.61727950927183,10.891451493412363
Spherical_Pores,0.5228871527777778,2486.304931640625,5.841732280409697,7.648875703799016,10.891451493412363
Spherical_Pores,0.5228871527777778,2486.304931640625,5.841732280409697,7.648875703799017,10.891451493412363
Spherical_Pores,0.5228871527777778,2486.304931640625,5.841732280409697,7.648875703799016,10.891451493412363
Spherical_Pores,0.5228871527777778,2486.304931640625,5.841732280409697,7.648875703799017,10.891451493412363
Spherical_Pores,0.5065914351851852,2003.42431640625,5.528774695602264,7.610714082282209,12.99999958354357
Spherical_Pores,0.5065914351851852,2003.42431640625,5.528774695602264,7.610714082282211,12.99999958354357
Spherical_Pores,0.5065914351851852,2003.42431640625,5.528774695602264,7.610714082282214,12.99999958354357
Spherical_Pores,0.5065914351851852,2003.4241943359375,5.528774695602264,7.610714082282211,12.99999958354357
Spherical_Pores,0.4983315972222222,1168.18994140625,5.3484812343451775,7.590424022793608,12.36931685293693
Spherical_Pores,0.4983315972222222,1168.18994140625,5.3484812343451775,7.590424022793604,12.36931685293693
Spherical_Pores,0.4983315972222222,1168.18994140625,5.3484812343451775,7.590424022793609,12.36931685293693
Spherical_Pores,0.4983315972222222,1168.18994140625,5.3484812343451775,7.590424022793606,12.36931685293693
Spherical_Pores,0.525912037037037,2944.78271484375,5.841732280409697,7.636099121620473,10.891451493412363
Spherical_Pores,0.525912037037037,2944.78271484375,5.841732280409697,7.636099121620475,10.891451493412363
Spherical_Pores,0.525912037037037,2944.78271484375,5.841732280409697,7.636099121620475,10.891451493412363
Spherical_Pores,0.525912037037037,2944.78271484375,5.841732280409697,7.636099121620477,10.891451493412363
Spherical_Pores,0.5182465277777778,2282.88330078125,5.841732280409697,7.82907551190373,10.891451493412363
Spherical_Pores,0.5182465277777778,2282.88330078125,5.841732280409697,7.829075511903725,10.891451493412363
Spherical_Pores,0.5182465277777778,2282.88330078125,5.841732280409697,7.829075511903727,10.891451493412363
Spherical_Pores,0.5182465277777778,2282.88330078125,5.841732280409697,7.829075511903723,10.891451493412363
Spherical_Pores,0.5196568287037037,2308.872314453125,5.841732280409697,7.688880254499012,10.891451493412363
Spherical_Pores,0.5196568287037037,2308.872314453125,5.841732280409697,7.688880254499011,10.891451493412363
Spherical_Pores,0.5196568287037037,2308.872314453125,5.841732280409697,7.688880254499011,10.891451493412363
Spherical_Pores,0.5196568287037037,2308.872314453125,5.841732280409697,7.6888802544990105,10.891451493412363
Spherical_Pores,0.504410300925926,1444.54541015625,5.265637581930931,7.542845335225473,10.891451493412363
Spherical_Pores,0.504410300925926,1444.54541015625,5.265637581930931,7.542845335225469,10.891451493412363
Spherical_Pores,0.504410300925926,1444.54541015625,5.265637581930931,7.542845335225472,10.891451493412363
Spherical_Pores,0.504410300925926,1444.54541015625,5.265637581930931,7.54284533522547,10.891451493412363
Spherical_Pores,0.526933449074074,1526.15771484375,5.841732280409697,7.737936679391248,10.891451493412363
Spherical_Pores,0.526933449074074,1526.15771484375,5.841732280409697,7.737936679391253,10.891451493412363
Spherical_Pores,0.526933449074074,1526.15771484375,5.841732280409697,7.73793667939125,10.891451493412363
Spherical_Pores,0.526933449074074,1526.15771484375,5.841732280409697,7.737936679391249,10.891451493412363
Spherical_Pores,0.5038784722222223,5308.88623046875,6.851333642654918,9.268555462077162,13.513086916487314
Spherical_Pores,0.5038784722222223,5308.88623046875,6.851333642654918,9.268555462077162,13.513086916487314
Spherical_Pores,0.5038784722222223,5308.88623046875,6.851333642654918,9.268555462077153,13.513086916487314
Spherical_Pores,0.5038784722222223,5308.88623046875,6.851333642654918,9.268555462077158,13.513086916487314
Spherical_Pores,0.5126070601851852,3036.159423828125,6.851333642654918,9.183878920748056,13.513086916487314
Spherical_Pores,0.5126070601851852,3036.159423828125,6.851333642654918,9.183878920748056,13.513086916487314
Spherical_Pores,0.5126070601851852,3036.159423828125,6.851333642654918,9.183878920748056,13.513086916487314
Spherical_Pores,0.5126070601851852,3036.15966796875,6.851333642654918,9.183878920748056,13.513086916487314
Spherical_Pores,0.5241990740740741,4866.626953125,6.840722324373577,9.314403056214736,13.484778931738408
Spherical_Pores,0.5241990740740741,4866.626953125,6.840722324373577,9.314403056214738,13.484778931738408
Spherical_Pores,0.5241990740740741,4866.626953125,6.840722324373577,9.314403056214738,13.484778931738408
Spherical_Pores,0.5241990740740741,4866.626953125,6.840722324373577,9.314403056214738,13.484778931738408
Spherical_Pores,0.48474826388888886,2786.12646484375,6.851333642654918,9.27990560127395,13.513086916487314
Spherical_Pores,0.48474826388888886,2786.12646484375,6.851333642654918,9.279905601273944,13.513086916487314
Spherical_Pores,0.48474826388888886,2786.12646484375,6.851333642654918,9.279905601273947,13.513086916487314
Spherical_Pores,0.48474826388888886,2786.12646484375,6.851333642654918,9.279905601273947,13.513086916487314
Spherical_Pores,0.503193287037037,1801.8541259765625,6.840722324373577,9.20708391712363,13.484778931738408
Spherical_Pores,0.503193287037037,1801.8541259765625,6.840722324373577,9.207083917123633,13.484778931738408
Spherical_Pores,0.503193287037037,1801.8541259765625,6.840722324373577,9.207083917123628,13.484778931738408
Spherical_Pores,0.503193287037037,1801.8541259765625,6.840722324373577,9.207083917123631,13.484778931738408
Spherical_Pores,0.5422210648148148,6217.78515625,6.861913391182514,9.475241485172258,15.16574876705335
Spherical_Pores,0.5422210648148148,6217.78369140625,6.861913391182514,9.475241485172258,15.16574876705335
Spherical_Pores,0.5422210648148148,6217.78515625,6.861913391182514,9.475241485172257,15.16574876705335
Spherical_Pores,0.5422210648148148,6217.78515625,6.861913391182514,9.475241485172253,15.16574876705335
Spherical_Pores,0.5086817129629629,4664.23291015625,6.840722324373577,9.158120558531959,13.484778931738408
Spherical_Pores,0.5086817129629629,4664.23291015625,6.840722324373577,9.158120558531952,13.484778931738408
Spherical_Pores,0.5086817129629629,4664.23291015625,6.840722324373577,9.158120558531952,13.484778931738408
Spherical_Pores,0.5086817129629629,4664.23291015625,6.840722324373577,9.158120558531957,13.484778931738408
Spherical_Pores,0.5130590277777778,3059.709716796875,6.840722324373577,9.089610869836207,13.484778931738408
Spherical_Pores,0.5130590277777778,3059.709716796875,6.840722324373577,9.089610869836205,13.484778931738408
Spherical_Pores,0.5130590277777778,3059.709716796875,6.840722324373577,9.089610869836205,13.484778931738408
Spherical_Pores,0.5130590277777778,3059.709716796875,6.840722324373577,9.089610869836205,13.484778931738408
Spherical_Pores,0.5050891203703703,3413.75048828125,6.840722324373577,9.098202421804306,13.484778931738408
Spherical_Pores,0.5050891203703703,3413.75048828125,6.840722324373577,9.09820242180431,13.484778931738408
Spherical_Pores,0.5050891203703703,3413.75048828125,6.840722324373577,9.098202421804311,13.484778931738408
Spherical_Pores,0.5050891203703703,3413.75048828125,6.840722324373577,9.098202421804308,13.484778931738408
Spherical_Pores,0.553791087962963,6870.33056640625,6.840722324373577,9.634800381196534,13.484778931738408
Spherical_Pores,0.553791087962963,6870.33056640625,6.840722324373577,9.634800381196538,13.484778931738408
Spherical_Pores,0.553791087962963,6870.33056640625,6.840722324373577,9.63480038119653,13.484778931738408
Spherical_Pores,0.553791087962963,6870.33056640625,6.840722324373577,9.634800381196532,13.484778931738408
Spherical_Pores,0.5049293981481482,5616.10107421875,7.781058421842727,10.989407551273434,18.110771637517
Spherical_Pores,0.5049293981481482,5616.10107421875,7.781058421842727,10.989407551273434,18.110771637517
Spherical_Pores,0.5049293981481482,5616.1015625,7.781058421842727,10.989407551273429,18.110771637517
Spherical_Pores,0.5049293981481482,5616.10107421875,7.781058421842727,10.98940755127343,18.110771637517
Spherical_Pores,0.5254427083333333,6198.42431640625,8.779154982072178,11.241004811266972,18.110771637517
Spherical_Pores,0.5254427083333333,6198.42431640625,8.779154982072178,11.241004811266963,18.110771637517
Spherical_Pores,0.5254427083333333,6198.4248046875,8.779154982072178,11.24100481126697,18.110771637517
Spherical_Pores,0.5254427083333333,6198.4248046875,8.779154982072178,11.241004811266963,18.110771637517
Spherical_Pores,0.5415260416666666,9040.01953125,7.781058421842727,11.13545893281862,18.110771637517
Spherical_Pores,0.5415260416666666,9040.01953125,7.781058421842727,11.135458932818617,18.110771637517
Spherical_Pores,0.5415260416666666,9040.01953125,7.781058421842727,11.13545893281862,18.110771637517
Spherical_Pores,0.5415260416666666,9040.01953125,7.781058421842727,11.135458932818624,18.110771637517
Spherical_Pores,0.4903917824074074,3037.267578125,7.781058421842727,10.728803609292699,18.110771637517
Spherical_Pores,0.4903917824074074,3037.267822265625,7.781058421842727,10.728803609292704,18.110771637517
Spherical_Pores,0.4903917824074074,3037.267578125,7.781058421842727,10.728803609292697,18.110771637517
Spherical_Pores,0.4903917824074074,3037.267578125,7.781058421842727,10.728803609292697,18.110771637517
Spherical_Pores,0.4645630787037037,2268.633056640625,7.781058421842727,11.274573864969735,18.110771637517
Spherical_Pores,0.4645630787037037,2268.633056640625,7.781058421842727,11.274573864969737,18.110771637517
Spherical_Pores,0.4645630787037037,2268.633056640625,7.781058421842727,11.274573864969737,18.110771637517
Spherical_Pores,0.4645630787037037,2268.633056640625,7.781058421842727,11.274573864969742,18.110771637517
Spherical_Pores,0.511964699074074,6645.75390625,7.781058421842727,11.126625923433394,18.110771637517
Spherical_Pores,0.511964699074074,6645.75390625,7.781058421842727,11.126625923433396,18.110771637517
Spherical_Pores,0.511964699074074,6645.75390625,7.781058421842727,11.126625923433393,18.110771637517
Spherical_Pores,0.511964699074074,6645.75390625,7.781058421842727,11.126625923433396,18.110771637517
Spherical_Pores,0.57128125,13574.5048828125,8.779154982072178,11.75947809439431,18.110771637517
Spherical_Pores,0.57128125,13574.50390625,8.779154982072178,11.75947809439431,18.110771637517
Spherical_Pores,0.57128125,13574.50390625,8.779154982072178,11.759478094394302,18.110771637517
Spherical_Pores,0.57128125,13574.50390625,8.779154982072178,11.759478094394304,18.110771637517
Spherical_Pores,0.5042771990740741,4344.177734375,7.781058421842727,11.169710486051038,18.110771637517
Spherical_Pores,0.5042771990740741,4344.177734375,7.781058421842727,11.169710486051045,18.110771637517
Spherical_Pores,0.5042771990740741,4344.177734375,7.781058421842727,11.16971048605104,18.110771637517
Spherical_Pores,0.5042771990740741,4344.17822265625,7.781058421842727,11.169710486051034,18.110771637517
Spherical_Pores,0.5176319444444445,1858.0400390625,7.781058421842727,10.910761342455597,18.110771637517
Spherical_Pores,0.5176319444444445,1858.0400390625,7.781058421842727,10.910761342455599,18.110771637517
Spherical_Pores,0.5176319444444445,1858.0400390625,7.781058421842727,10.910761342455597,18.110771637517
Spherical_Pores,0.5176319444444445,1858.0400390625,7.781058421842727,10.910761342455597,18.110771637517
Spherical_Pores,0.5364565972222223,7846.642578125,8.779154982072178,11.620044371787861,18.110771637517
Spherical_Pores,0.5364565972222223,7846.642578125,8.779154982072178,11.620044371787863,18.110771637517
Spherical_Pores,0.5364565972222223,7846.642578125,8.779154982072178,11.620044371787865,18.110771637517
Spherical_Pores,0.5364565972222223,7846.642578125,8.779154982072178,11.620044371787861,18.110771637517
Spherical_Pores,0.5150185185185185,11009.544921875,9.457416810670427,12.174516320429175,17.653078595683088
Spherical_Pores,0.5150185185185185,11009.544921875,9.457416810670427,12.174516320429174,17.653078595683088
Spherical_Pores,0.5150185185185185,11009.544921875,9.457416810670427,12.174516320429179,17.653078595683088
Spherical_Pores,0.5150185185185185,11009.544921875,9.457416810670427,12.174516320429172,17.653078595683088
Spherical_Pores,0.5239438657407407,7535.96240234375,9.876258036705888,12.999538798014752,18.658129485507295
Spherical_Pores,0.5239438657407407,7535.96240234375,9.876258036705888,12.999538798014752,18.658129485507295
Spherical_Pores,0.5239438657407407,7535.96240234375,9.876258036705888,12.999538798014749,18.658129485507295
Spherical_Pores,0.5239438657407407,7535.96240234375,9.876258036705888,12.999538798014752,18.658129485507295
Spherical_Pores,0.5166724537037037,8806.302734375,9.876258036705888,12.881467322062417,18.658129485507295
Spherical_Pores,0.5166724537037037,8806.3017578125,9.876258036705888,12.881467322062425,18.658129485507295
Spherical_Pores,0.5166724537037037,8806.3017578125,9.876258036705888,12.881467322062424,18.658129485507295
Spherical_Pores,0.5166724537037037,8806.3017578125,9.876258036705888,12.881467322062418,18.658129485507295
Spherical_Pores,0.49774247685185186,3154.646484375,9.876258036705888,12.759995710695005,18.658129485507295
Spherical_Pores,0.49774247685185186,3154.646484375,9.876258036705888,12.759995710695014,18.658129485507295
Spherical_Pores,0.49774247685185186,3154.646484375,9.876258036705888,12.759995710695001,18.658129485507295
Spherical_Pores,0.49774247685185186,3154.646484375,9.876258036705888,12.759995710695005,18.658129485507295
Spherical_Pores,0.5444467592592592,8567.2529296875,9.876258036705888,13.079479952588734,18.658129485507295
Spherical_Pores,0.5444467592592592,8567.2529296875,9.876258036705888,13.079479952588741,18.658129485507295
Spherical_Pores,0.5444467592592592,8567.2529296875,9.876258036705888,13.079479952588736,18.658129485507295
Spherical_Pores,0.5444467592592592,8567.2529296875,9.876258036705888,13.079479952588734,18.658129485507295
Spherical_Pores,0.5248998842592593,8022.828125,8.818264205771918,12.910607396445828,19.012872356165737
Spherical_Pores,0.5248998842592593,8022.826171875,8.818264205771918,12.910607396445828,19.012872356165737
Spherical_Pores,0.5248998842592593,8022.828125,8.818264205771918,12.910607396445839,19.012872356165737
Spherical_Pores,0.5248998842592593,8022.828125,8.818264205771918,12.910607396445831,19.012872356165737
Spherical_Pores,0.49546990740740743,2600.470458984375,9.876258036705888,12.48174624644335,18.658129485507295
Spherical_Pores,0.49546990740740743,2600.470458984375,9.876258036705888,12.481746246443338,18.658129485507295
Spherical_Pores,0.49546990740740743,2600.470458984375,9.876258036705888,12.481746246443343,18.658129485507295
Spherical_Pores,0.49546990740740743,2600.47021484375,9.876258036705888,12.481746246443345,18.658129485507295
Spherical_Pores,0.4861869212962963,4495.42333984375,9.876258036705888,12.330290761478796,18.658129485507295
Spherical_Pores,0.4861869212962963,4495.423828125,9.876258036705888,12.330290761478798,18.658129485507295
Spherical_Pores,0.4861869212962963,4495.423828125,9.876258036705888,12.330290761478796,18.658129485507295
Spherical_Pores,0.4861869212962963,4495.423828125,9.876258036705888,12.330290761478796,18.658129485507295
Spherical_Pores,0.5334421296296297,4397.3076171875,9.876258036705888,12.666522161398941,18.658129485507295
Spherical_Pores,0.5334421296296297,4397.30810546875,9.876258036705888,12.666522161398943,18.658129485507295
Spherical_Pores,0.5334421296296297,4397.3076171875,9.876258036705888,12.666522161398948,18.658129485507295
Spherical_Pores,0.5334421296296297,4397.3076171875,9.876258036705888,12.666522161398941,18.658129485507295
Spherical_Pores,0.49057118055555554,5423.228515625,8.696355665352232,11.951668007128639,18.658129485507295
Spherical_Pores,0.49057118055555554,5423.228515625,8.696355665352232,11.951668007128633,18.658129485507295
Spherical_Pores,0.49057118055555554,5423.2294921875,8.696355665352232,11.951668007128635,18.658129485507295
Spherical_Pores,0.49057118055555554,5423.228515625,8.696355665352232,11.951668007128637,18.658129485507295
Spherical_Pores,0.5967841435185185,4183.4892578125,6.480855452924391,7.849446367688277,10.891451493412363
Spherical_Pores,0.5967841435185185,4183.48974609375,6.480855452924391,7.849446367688279,10.891451493412363
Spherical_Pores,0.5967841435185185,4183.4892578125,6.480855452924391,7.849446367688277,10.891451493412363
Spherical_Pores,0.5967841435185185,4183.4892578125,6.480855452924391,7.849446367688282,10.891451493412363
Spherical_Pores,0.6080167824074074,5547.4775390625,5.841732280409697,7.813233270873013,10.891451493412363
Spherical_Pores,0.6080167824074074,5547.4775390625,5.841732280409697,7.813233270873014,10.891451493412363
Spherical_Pores,0.6080167824074074,5547.4775390625,5.841732280409697,7.813233270873012,10.891451493412363
Spherical_Pores,0.6080167824074074,5547.4775390625,5.841732280409697,7.813233270873011,10.891451493412363
Spherical_Pores,0.6206203703703703,6492.51708984375,5.841732280409697,7.739370246097487,10.891451493412363
Spherical_Pores,0.6206203703703703,6492.51708984375,5.841732280409697,7.739370246097487,10.891451493412363
Spherical_Pores,0.6206203703703703,6492.51708984375,5.841732280409697,7.7393702460974865,10.891451493412363
Spherical_Pores,0.6206203703703703,6492.51708984375,5.841732280409697,7.739370246097485,10.891451493412363
Spherical_Pores,0.6058541666666667,6072.7626953125,5.841732280409697,7.721702288229897,10.891451493412363
Spherical_Pores,0.6058541666666667,6072.7626953125,5.841732280409697,7.721702288229896,10.891451493412363
Spherical_Pores,0.6058541666666667,6072.7626953125,5.841732280409697,7.721702288229896,10.891451493412363
Spherical_Pores,0.6058541666666667,6072.7626953125,5.841732280409697,7.721702288229896,10.891451493412363
Spherical_Pores,0.6044427083333334,6043.13916015625,5.841732280409697,7.8824067931319375,10.891451493412363
Spherical_Pores,0.6044427083333334,6043.13916015625,5.841732280409697,7.882406793131938,10.891451493412363
Spherical_Pores,0.6044427083333334,6043.13916015625,5.841732280409697,7.88240679313194,10.891451493412363
Spherical_Pores,0.6044427083333334,6043.13916015625,5.841732280409697,7.882406793131939,10.891451493412363
Spherical_Pores,0.609181712962963,5685.19140625,5.883965920901308,7.854168125516917,10.998119557438786
Spherical_Pores,0.609181712962963,5685.19140625,5.883965920901308,7.854168125516919,10.998119557438786
Spherical_Pores,0.609181712962963,5685.19140625,5.883965920901308,7.854168125516923,10.998119557438786
Spherical_Pores,0.609181712962963,5685.19140625,5.883965920901308,7.854168125516923,10.998119557438786
Spherical_Pores,0.6155231481481481,5753.0791015625,6.480855452924391,7.970143508502958,10.891451493412363
Spherical_Pores,0.6155231481481481,5753.0791015625,6.480855452924391,7.970143508502955,10.891451493412363
Spherical_Pores,0.6155231481481481,5753.080078125,6.480855452924391,7.970143508502956,10.891451493412363
Spherical_Pores,0.6155231481481481,5753.0791015625,6.480855452924391,7.970143508502955,10.891451493412363
Spherical_Pores,0.6058194444444445,4079.921630859375,6.514006648047382,7.939571731175027,10.962690196374155
Spherical_Pores,0.6058194444444445,4079.92236328125,6.514006648047382,7.939571731175029,10.962690196374155
Spherical_Pores,0.6058194444444445,4079.921630859375,6.514006648047382,7.939571731175032,10.962690196374155
Spherical_Pores,0.6058194444444445,4079.921630859375,6.514006648047382,7.939571731175028,10.962690196374155
Spherical_Pores,0.5939953703703704,4951.06103515625,5.841732280409697,7.795031098043566,10.891451493412363
Spherical_Pores,0.5939953703703704,4951.06103515625,5.841732280409697,7.795031098043564,10.891451493412363
Spherical_Pores,0.5939953703703704,4951.06103515625,5.841732280409697,7.795031098043565,10.891451493412363
Spherical_Pores,0.5939953703703704,4951.06103515625,5.841732280409697,7.795031098043564,10.891451493412363
Spherical_Pores,0.5979525462962964,5062.04833984375,5.841732280409697,7.840815138033709,10.891451493412363
Spherical_Pores,0.5979525462962964,5062.04833984375,5.841732280409697,7.8408151380337054,10.891451493412363
Spherical_Pores,0.5979525462962964,5062.04833984375,5.841732280409697,7.840815138033713,10.891451493412363
Spherical_Pores,0.5979525462962964,5062.04833984375,5.841732280409697,7.840815138033712,10.891451493412363
Spherical_Pores,0.6254635416666666,9018.4296875,7.659944216875653,9.634882504555462,13.484778931738408
Spherical_Pores,0.6254635416666666,9018.4296875,7.659944216875653,9.63488250455546,13.484778931738408
Spherical_Pores,0.6254635416666666,9018.4296875,7.659944216875653,9.634882504555456,13.484778931738408
Spherical_Pores,0.6254635416666666,9018.4296875,7.659944216875653,9.634882504555463,13.484778931738408
Spherical_Pores,0.5968072916666667,4649.18896484375,7.2913446401177415,9.47009284532032,14.700359827307134
Spherical_Pores,0.5968072916666667,4649.18896484375,7.2913446401177415,9.470092845320318,14.700359827307134
Spherical_Pores,0.5968072916666667,4649.18896484375,7.2913446401177415,9.470092845320314,14.700359827307134
Spherical_Pores,0.5968072916666667,4649.18896484375,7.2913446401177415,9.470092845320318,14.700359827307134
Spherical_Pores,0.5781394675925926,7430.08349609375,6.840722324373577,9.475221366195868,13.484778931738408
Spherical_Pores,0.5781394675925926,7430.08349609375,6.840722324373577,9.475221366195866,13.484778931738408
Spherical_Pores,0.5781394675925926,7430.08349609375,6.840722324373577,9.475221366195871,13.484778931738408
Spherical_Pores,0.5781394675925926,7430.08447265625,6.840722324373577,9.475221366195868,13.484778931738408
Spherical_Pores,0.5914965277777777,8095.9365234375,6.840722324373577,9.472547846310864,13.484778931738408
Spherical_Pores,0.5914965277777777,8095.93701171875,6.840722324373577,9.472547846310864,13.484778931738408
Spherical_Pores,0.5914965277777777,8095.93701171875,6.840722324373577,9.472547846310865,13.484778931738408
Spherical_Pores,0.5914965277777777,8095.93701171875,6.840722324373577,9.47254784631086,13.484778931738408
Spherical_Pores,0.6030815972222222,9836.2802734375,6.851333642654918,9.492534264116333,13.513086916487314
Spherical_Pores,0.6030815972222222,9836.2802734375,6.851333642654918,9.492534264116339,13.513086916487314
Spherical_Pores,0.6030815972222222,9836.2802734375,6.851333642654918,9.492534264116335,13.513086916487314
Spherical_Pores,0.6030815972222222,9836.2802734375,6.851333642654918,9.492534264116346,13.513086916487314
Spherical_Pores,0.5998940972222222,11397.2744140625,6.840722324373577,9.627360078530801,13.484778931738408
Spherical_Pores,0.5998940972222222,11397.2744140625,6.840722324373577,9.6273600785308,13.484778931738408
Spherical_Pores,0.5998940972222222,11397.2744140625,6.840722324373577,9.627360078530797,13.484778931738408
Spherical_Pores,0.5998940972222222,11397.2744140625,6.840722324373577,9.627360078530806,13.484778931738408
Spherical_Pores,0.5744427083333333,6166.60009765625,6.851333642654918,9.591534227351682,13.513086916487314
Spherical_Pores,0.5744427083333333,6166.60009765625,6.851333642654918,9.591534227351685,13.513086916487314
Spherical_Pores,0.5744427083333333,6166.60009765625,6.851333642654918,9.591534227351685,13.513086916487314
Spherical_Pores,0.5744427083333333,6166.60009765625,6.851333642654918,9.591534227351683,13.513086916487314
Spherical_Pores,0.6077905092592593,6496.16064453125,6.94551284641123,9.61989247381843,15.427247615709161
Spherical_Pores,0.6077905092592593,6496.16064453125,6.94551284641123,9.61989247381843,15.427247615709161
Spherical_Pores,0.6077905092592593,6496.16064453125,6.94551284641123,9.619892473818433,15.427247615709161
Spherical_Pores,0.6077905092592593,6496.16064453125,6.94551284641123,9.619892473818426,15.427247615709161
Spherical_Pores,0.6112251157407408,9138.2041015625,6.840722324373577,9.646990829632546,13.484778931738408
Spherical_Pores,0.6112251157407408,9138.2041015625,6.840722324373577,9.646990829632548,13.484778931738408
Spherical_Pores,0.6112251157407408,9138.2041015625,6.840722324373577,9.646990829632548,13.484778931738408
Spherical_Pores,0.6112251157407408,9138.2041015625,6.840722324373577,9.646990829632552,13.484778931738408
Spherical_Pores,0.602734375,8765.6962890625,7.659944216875653,9.649912989394265,13.484778931738408
Spherical_Pores,0.602734375,8765.6962890625,7.659944216875653,9.649912989394263,13.484778931738408
Spherical_Pores,0.602734375,8765.6953125,7.659944216875653,9.649912989394268,13.484778931738408
Spherical_Pores,0.602734375,8765.6962890625,7.659944216875653,9.649912989394265,13.484778931738408
Spherical_Pores,0.59296875,15416.5595703125,8.779154982072178,11.947276808670095,18.110771637517
Spherical_Pores,0.59296875,15416.5595703125,8.779154982072178,11.9472768086701,18.110771637517
Spherical_Pores,0.59296875,15416.5595703125,8.779154982072178,11.947276808670102,18.110771637517
Spherical_Pores,0.59296875,15416.5595703125,8.779154982072178,11.947276808670104,18.110771637517
Spherical_Pores,0.5961215277777778,13191.837890625,8.779154982072178,11.808979662672142,18.110771637517
Spherical_Pores,0.5961215277777778,13191.837890625,8.779154982072178,11.808979662672142,18.110771637517
Spherical_Pores,0.5961215277777778,13191.837890625,8.779154982072178,11.808979662672138,18.110771637517
Spherical_Pores,0.5961215277777778,13191.837890625,8.779154982072178,11.808979662672145,18.110771637517
Spherical_Pores,0.6087193287037037,14696.443359375,8.839036635283756,11.563486997458035,18.27566738046485
Spherical_Pores,0.6087193287037037,14696.443359375,8.839036635283756,11.563486997458032,18.27566738046485
Spherical_Pores,0.6087193287037037,14696.443359375,8.839036635283756,11.563486997458037,18.27566738046485
Spherical_Pores,0.6087193287037037,14696.443359375,8.839036635283756,11.563486997458028,18.27566738046485
Spherical_Pores,0.616521412037037,10175.7099609375,8.779154982072178,12.20693285257516,18.110771637517
Spherical_Pores,0.616521412037037,10175.7099609375,8.779154982072178,12.206932852575168,18.110771637517
Spherical_Pores,0.616521412037037,10175.7099609375,8.779154982072178,12.206932852575166,18.110771637517
Spherical_Pores,0.616521412037037,10175.7099609375,8.779154982072178,12.206932852575163,18.110771637517
Spherical_Pores,0.598037037037037,10901.1162109375,8.779154982072178,11.625274568112337,18.110771637517
Spherical_Pores,0.598037037037037,10901.1162109375,8.779154982072178,11.625274568112344,18.110771637517
Spherical_Pores,0.598037037037037,10901.1162109375,8.779154982072178,11.625274568112328,18.110771637517
Spherical_Pores,0.598037037037037,10901.1171875,8.779154982072178,11.625274568112337,18.110771637517
Spherical_Pores,0.6330370370370371,17065.533203125,9.905279978734567,11.80718769148517,18.110771637517
Spherical_Pores,0.6330370370370371,17065.53515625,9.905279978734567,11.807187691485174,18.110771637517
Spherical_Pores,0.6330370370370371,17065.53515625,9.905279978734567,11.807187691485177,18.110771637517
Spherical_Pores,0.6330370370370371,17065.53515625,9.905279978734567,11.807187691485174,18.110771637517
Spherical_Pores,0.5750833333333333,16767.892578125,7.781058421842727,11.566504709703926,18.110771637517
Spherical_Pores,0.5750833333333333,16767.896484375,7.781058421842727,11.566504709703926,18.110771637517
Spherical_Pores,0.5750833333333333,16767.892578125,7.781058421842727,11.566504709703933,18.110771637517
Spherical_Pores,0.5750833333333333,16767.892578125,7.781058421842727,11.566504709703928,18.110771637517
Spherical_Pores,0.6088703703703704,11585.6318359375,7.781058421842727,11.151266987792088,18.110771637517
Spherical_Pores,0.6088703703703704,11585.630859375,7.781058421842727,11.151266987792091,18.110771637517
Spherical_Pores,0.6088703703703704,11585.630859375,7.781058421842727,11.151266987792093,18.110771637517
Spherical_Pores,0.6088703703703704,11585.630859375,7.781058421842727,11.151266987792097,18.110771637517
Spherical_Pores,0.590796875,9682.9697265625,7.781058421842727,11.120880375291593,18.110771637517
Spherical_Pores,0.590796875,9682.9697265625,7.781058421842727,11.120880375291595,18.110771637517
Spherical_Pores,0.590796875,9682.9697265625,7.781058421842727,11.120880375291602,18.110771637517
Spherical_Pores,0.590796875,9682.9697265625,7.781058421842727,11.120880375291591,18.110771637517
Spherical_Pores,0.6059832175925925,10678.0185546875,8.779154982072178,11.783305402192811,18.110771637517
Spherical_Pores,0.6059832175925925,10678.0185546875,8.779154982072178,11.783305402192811,18.110771637517
Spherical_Pores,0.6059832175925925,10678.0185546875,8.779154982072178,11.783305402192816,18.110771637517
Spherical_Pores,0.6059832175925925,10678.0185546875,8.779154982072178,11.783305402192807,18.110771637517
Spherical_Pores,0.6731793981481482,29347.8828125,11.216246961496244,13.79968554825588,18.658129485507295
Spherical_Pores,0.6731793981481482,29347.8828125,11.216246961496244,13.79968554825588,18.658129485507295
Spherical_Pores,0.6731793981481482,29347.8828125,11.216246961496244,13.799685548255889,18.658129485507295
Spherical_Pores,0.6731793981481482,29347.8828125,11.216246961496244,13.799685548255875,18.658129485507295
Spherical_Pores,0.6090925925925926,34174.26171875,9.876258036705888,13.420170734117779,18.658129485507295
Spherical_Pores,0.6090925925925926,34174.265625,9.876258036705888,13.42017073411778,18.658129485507295
Spherical_Pores,0.6090925925925926,34174.265625,9.876258036705888,13.420170734117773,18.658129485507295
Spherical_Pores,0.6090925925925926,34174.265625,9.876258036705888,13.420170734117772,18.658129485507295
Spherical_Pores,0.5683055555555555,2856.478271484375,8.937362969607749,11.778908422022486,18.54723586123482
Spherical_Pores,0.5683055555555555,2856.478515625,8.937362969607749,11.77890842202249,18.54723586123482
Spherical_Pores,0.5683055555555555,2856.478271484375,8.937362969607749,11.77890842202249,18.54723586123482
Spherical_Pores,0.5683055555555555,2856.478271484375,8.937362969607749,11.778908422022484,18.54723586123482
Spherical_Pores,0.5743859953703704,6348.2373046875,9.876258036705888,12.522159172080743,18.658129485507295
Spherical_Pores,0.5743859953703704,6348.2373046875,9.876258036705888,12.522159172080737,18.658129485507295
Spherical_Pores,0.5743859953703704,6348.23779296875,9.876258036705888,12.52215917208074,18.658129485507295
Spherical_Pores,0.5743859953703704,6348.23779296875,9.876258036705888,12.522159172080746,18.658129485507295
Spherical_Pores,0.5592905092592593,10054.8984375,9.876258036705888,12.88690655649488,18.658129485507295
Spherical_Pores,0.5592905092592593,10054.8984375,9.876258036705888,12.886906556494884,18.658129485507295
Spherical_Pores,0.5592905092592593,10054.8984375,9.876258036705888,12.886906556494889,18.658129485507295
Spherical_Pores,0.5592905092592593,10054.8984375,9.876258036705888,12.886906556494878,18.658129485507295
Spherical_Pores,0.6178315972222223,12324.345703125,9.876258036705888,12.885403547697965,18.658129485507295
Spherical_Pores,0.6178315972222223,12324.345703125,9.876258036705888,12.885403547697951,18.658129485507295
Spherical_Pores,0.6178315972222223,12324.345703125,9.876258036705888,12.88540354769796,18.658129485507295
Spherical_Pores,0.6178315972222223,12324.345703125,9.876258036705888,12.885403547697955,18.658129485507295
Spherical_Pores,0.5932256944444444,9468.421875,9.876258036705888,13.16157191645606,18.658129485507295
Spherical_Pores,0.5932256944444444,9468.421875,9.876258036705888,13.161571916456067,18.658129485507295
Spherical_Pores,0.5932256944444444,9468.421875,9.876258036705888,13.161571916456069,18.658129485507295
Spherical_Pores,0.5932256944444444,9468.421875,9.876258036705888,13.161571916456076,18.658129485507295
Spherical_Pores,0.6222337962962963,27031.638671875,9.876258036705888,12.872480796695587,18.658129485507295
Spherical_Pores,0.6222337962962963,27031.642578125,9.876258036705888,12.872480796695594,18.658129485507295
Spherical_Pores,0.6222337962962963,27031.642578125,9.876258036705888,12.872480796695587,18.658129485507295
Spherical_Pores,0.6222337962962963,27031.642578125,9.876258036705888,12.872480796695589,18.658129485507295
Spherical_Pores,0.6280607638888889,20047.1796875,9.876258036705888,12.814370348922914,18.658129485507295
Spherical_Pores,0.6280607638888889,20047.1796875,9.876258036705888,12.814370348922916,18.658129485507295
Spherical_Pores,0.6280607638888889,20047.1796875,9.876258036705888,12.814370348922914,18.658129485507295
Spherical_Pores,0.6280607638888889,20047.177734375,9.876258036705888,12.814370348922923,18.658129485507295
Spherical_Pores,0.583693287037037,6331.49560546875,9.876258036705888,12.888796207635592,18.658129485507295
Spherical_Pores,0.583693287037037,6331.49560546875,9.876258036705888,12.888796207635586,18.658129485507295
Spherical_Pores,0.583693287037037,6331.49560546875,9.876258036705888,12.888796207635597,18.658129485507295
Spherical_Pores,0.583693287037037,6331.49560546875,9.876258036705888,12.888796207635599,18.658129485507295
Spherical_Pores,0.6989311342592592,7700.59619140625,4.717693667932848,6.379623509289362,10.24694974820171
Spherical_Pores,0.6989311342592592,7700.59619140625,4.717693667932848,6.37962350928936,10.24694974820171
Spherical_Pores,0.6989311342592592,7700.59619140625,4.717693667932848,6.3796235092893605,10.24694974820171
Spherical_Pores,0.6989311342592592,7700.59619140625,4.717693667932848,6.3796235092893605,10.24694974820171
Spherical_Pores,0.695037037037037,7021.888671875,4.732623931193807,6.415719942621989,9.342414210152528
Spherical_Pores,0.695037037037037,7021.888671875,4.732623931193807,6.415719942621986,9.342414210152528
Spherical_Pores,0.695037037037037,7021.888671875,4.732623931193807,6.415719942621988,9.342414210152528
Spherical_Pores,0.695037037037037,7021.888671875,4.732623931193807,6.415719942621983,9.342414210152528
Spherical_Pores,0.7043506944444444,7526.06298828125,4.876998602264272,6.369514985341349,10.770328425682052
Spherical_Pores,0.7043506944444444,7526.06298828125,4.876998602264272,6.369514985341349,10.770328425682052
Spherical_Pores,0.7043506944444444,7526.06298828125,4.876998602264272,6.36951498534135,10.770328425682052
Spherical_Pores,0.7043506944444444,7526.06298828125,4.876998602264272,6.369514985341346,10.770328425682052
Spherical_Pores,0.7045445601851852,7445.03076171875,4.902402162062199,6.214197518147671,9.433980348903328
Spherical_Pores,0.7045445601851852,7445.03076171875,4.902402162062199,6.214197518147674,9.433980348903328
Spherical_Pores,0.7045445601851852,7445.03076171875,4.902402162062199,6.21419751814767,9.433980348903328
Spherical_Pores,0.7045445601851852,7445.03076171875,4.902402162062199,6.214197518147671,9.433980348903328
Spherical_Pores,0.7036550925925926,7182.39599609375,4.890973038269991,6.422848765470201,10.816653135594944
Spherical_Pores,0.7036550925925926,7182.39599609375,4.890973038269991,6.422848765470201,10.816653135594944
Spherical_Pores,0.7036550925925926,7182.39599609375,4.890973038269991,6.422848765470199,10.816653135594944
Spherical_Pores,0.7036550925925926,7182.39599609375,4.890973038269991,6.4228487654702,10.816653135594944
Spherical_Pores,0.7080856481481481,6982.25830078125,4.610436296967524,6.45965722150566,9.899494952422772
Spherical_Pores,0.7080856481481481,6982.25830078125,4.610436296967524,6.459657221505659,9.899494952422772
Spherical_Pores,0.7080856481481481,6982.25830078125,4.610436296967524,6.459657221505656,9.899494952422772
Spherical_Pores,0.7080856481481481,6982.25732421875,4.610436296967524,6.459657221505658,9.899494952422772
Spherical_Pores,0.7022442129629629,6967.55078125,4.732623931193807,6.3557154409066525,9.342414210152528
Spherical_Pores,0.7022442129629629,6967.55078125,4.732623931193807,6.355715440906651,9.342414210152528
Spherical_Pores,0.7022442129629629,6967.55078125,4.732623931193807,6.3557154409066525,9.342414210152528
Spherical_Pores,0.7022442129629629,6967.55078125,4.732623931193807,6.355715440906652,9.342414210152528
Spherical_Pores,0.700859375,7137.984375,4.702669372727123,6.342415197722362,10.198039018356072
Spherical_Pores,0.700859375,7137.984375,4.702669372727123,6.342415197722357,10.198039018356072
Spherical_Pores,0.700859375,7137.984375,4.702669372727123,6.34241519772236,10.198039018356072
Spherical_Pores,0.700859375,7137.984375,4.702669372727123,6.342415197722359,10.198039018356072
Spherical_Pores,0.6915543981481481,5891.86328125,4.998228547807284,6.3964955589698915,9.69535958479045
Spherical_Pores,0.6915543981481481,5891.86328125,4.998228547807284,6.396495558969891,9.69535958479045
Spherical_Pores,0.6915543981481481,5891.86376953125,4.998228547807284,6.396495558969891,9.69535958479045
Spherical_Pores,0.6915543981481481,5891.86328125,4.998228547807284,6.3964955589698915,9.69535958479045
Spherical_Pores,0.6762355324074074,6368.21533203125,4.717693667932848,6.275098571033688,10.24694974820171
Spherical_Pores,0.6762355324074074,6368.21533203125,4.717693667932848,6.275098571033688,10.24694974820171
Spherical_Pores,0.6762355324074074,6368.21533203125,4.717693667932848,6.275098571033688,10.24694974820171
Spherical_Pores,0.6762355324074074,6368.21533203125,4.717693667932848,6.275098571033689,10.24694974820171
Spherical_Pores,0.7069855324074074,12155.7431640625,6.0476158734382235,8.433127222648732,11.413988870062543
Spherical_Pores,0.7069855324074074,12155.7431640625,6.0476158734382235,8.433127222648732,11.413988870062543
Spherical_Pores,0.7069855324074074,12155.7431640625,6.0476158734382235,8.433127222648734,11.413988870062543
Spherical_Pores,0.7069855324074074,12155.7431640625,6.0476158734382235,8.43312722264873,11.413988870062543
Spherical_Pores,0.711650462962963,12675.107421875,6.595675579593912,8.292507039947001,12.36931685293693
Spherical_Pores,0.711650462962963,12675.107421875,6.595675579593912,8.292507039947004,12.36931685293693
Spherical_Pores,0.711650462962963,12675.107421875,6.595675579593912,8.292507039947003,12.36931685293693
Spherical_Pores,0.711650462962963,12675.107421875,6.595675579593912,8.292507039947004,12.36931685293693
Spherical_Pores,0.6793761574074074,9303.267578125,6.0476158734382235,8.241894774630879,11.413988870062543
Spherical_Pores,0.6793761574074074,9303.267578125,6.0476158734382235,8.241894774630877,11.413988870062543
Spherical_Pores,0.6793761574074074,9303.267578125,6.0476158734382235,8.241894774630882,11.413988870062543
Spherical_Pores,0.6793761574074074,9303.267578125,6.0476158734382235,8.241894774630882,11.413988870062543
Spherical_Pores,0.7064924768518519,12799.310546875,6.034284821528778,8.360772852944898,12.649109738865636
Spherical_Pores,0.7064924768518519,12799.310546875,6.034284821528778,8.360772852944889,12.649109738865636
Spherical_Pores,0.7064924768518519,12799.310546875,6.034284821528778,8.360772852944894,12.649109738865636
Spherical_Pores,0.7064924768518519,12799.310546875,6.034284821528778,8.360772852944898,12.649109738865636
Spherical_Pores,0.68878125,11749.5458984375,6.5468772434966365,8.090038495470663,12.247447798760023
Spherical_Pores,0.68878125,11749.5458984375,6.5468772434966365,8.09003849547066,12.247447798760023
Spherical_Pores,0.68878125,11749.5458984375,6.5468772434966365,8.090038495470665,12.247447798760023
Spherical_Pores,0.68878125,11749.5458984375,6.5468772434966365,8.09003849547066,12.247447798760023
Spherical_Pores,0.695558449074074,10060.5556640625,6.060892708160611,8.345592920541936,11.447904106768473
Spherical_Pores,0.695558449074074,10060.5556640625,6.060892708160611,8.345592920541943,11.447904106768473
Spherical_Pores,0.695558449074074,10060.5556640625,6.060892708160611,8.345592920541943,11.447904106768473
Spherical_Pores,0.695558449074074,10060.5537109375,6.060892708160611,8.345592920541943,11.447904106768473
Spherical_Pores,0.6865706018518518,10134.845703125,6.060892708160611,8.298763624387671,11.447904106768473
Spherical_Pores,0.6865706018518518,10134.845703125,6.060892708160611,8.298763624387668,11.447904106768473
Spherical_Pores,0.6865706018518518,10134.845703125,6.060892708160611,8.298763624387671,11.447904106768473
Spherical_Pores,0.6865706018518518,10134.845703125,6.060892708160611,8.298763624387664,11.447904106768473
Spherical_Pores,0.7199184027777777,14923.12890625,6.178068871216117,8.430737852356705,13.076694972014252
Spherical_Pores,0.7199184027777777,14923.130859375,6.178068871216117,8.430737852356707,13.076694972014252
Spherical_Pores,0.7199184027777777,14923.130859375,6.178068871216117,8.430737852356716,13.076694972014252
Spherical_Pores,0.7199184027777777,14923.130859375,6.178068871216117,8.430737852356705,13.076694972014252
Spherical_Pores,0.7035636574074075,10428.625,6.060892708160611,8.334885739435455,11.447904106768473
Spherical_Pores,0.7035636574074075,10428.625,6.060892708160611,8.334885739435457,11.447904106768473
Spherical_Pores,0.7035636574074075,10428.625,6.060892708160611,8.334885739435453,11.447904106768473
Spherical_Pores,0.7035636574074075,10428.625,6.060892708160611,8.33488573943545,11.447904106768473
Spherical_Pores,0.703254050925926,12638.9111328125,6.303684547986822,8.530645360633098,13.453623023082278
Spherical_Pores,0.703254050925926,12638.9111328125,6.303684547986822,8.530645360633095,13.453623023082278
Spherical_Pores,0.703254050925926,12638.9111328125,6.303684547986822,8.530645360633104,13.453623023082278
Spherical_Pores,0.703254050925926,12638.9111328125,6.303684547986822,8.530645360633104,13.453623023082278
Spherical_Pores,0.6961296296296297,19898.572265625,7.857261582959327,10.049921105292949,13.930209874089513
Spherical_Pores,0.6961296296296297,19898.576171875,7.857261582959327,10.049921105292944,13.930209874089513
Spherical_Pores,0.6961296296296297,19898.576171875,7.857261582959327,10.049921105292938,13.930209874089513
Spherical_Pores,0.6961296296296297,19898.572265625,7.857261582959327,10.049921105292942,13.930209874089513
Spherical_Pores,0.684254050925926,15752.638671875,7.685071155454092,9.860686481899354,15.16574876705335
Spherical_Pores,0.684254050925926,15752.638671875,7.685071155454092,9.860686481899366,15.16574876705335
Spherical_Pores,0.684254050925926,15752.638671875,7.685071155454092,9.860686481899354,15.16574876705335
Spherical_Pores,0.684254050925926,15752.638671875,7.685071155454092,9.86068648189936,15.16574876705335
Spherical_Pores,0.6981122685185185,17312.603515625,7.6725258313578095,9.743556991404379,13.513086916487314
Spherical_Pores,0.6981122685185185,17312.60546875,7.6725258313578095,9.743556991404366,13.513086916487314
Spherical_Pores,0.6981122685185185,17312.603515625,7.6725258313578095,9.74355699140437,13.513086916487314
Spherical_Pores,0.6981122685185185,17312.603515625,7.6725258313578095,9.743556991404368,13.513086916487314
Spherical_Pores,0.700056712962963,20904.23046875,7.771960527841038,10.226045795123989,15.394802261840416
Spherical_Pores,0.700056712962963,20904.232421875,7.771960527841038,10.22604579512399,15.394802261840416
Spherical_Pores,0.700056712962963,20904.232421875,7.771960527841038,10.226045795123987,15.394802261840416
Spherical_Pores,0.700056712962963,20904.23046875,7.771960527841038,10.22604579512399,15.394802261840416
Spherical_Pores,0.7052146990740741,19685.712890625,7.685071155454092,9.933602286884087,15.16574876705335
Spherical_Pores,0.7052146990740741,19685.712890625,7.685071155454092,9.93360228688409,15.16574876705335
Spherical_Pores,0.7052146990740741,19685.712890625,7.685071155454092,9.93360228688409,15.16574876705335
Spherical_Pores,0.7052146990740741,19685.712890625,7.685071155454092,9.933602286884085,15.16574876705335
Spherical_Pores,0.6938518518518518,16456.76953125,7.784242155388846,9.979747102660951,15.427247615709161
Spherical_Pores,0.6938518518518518,16456.76953125,7.784242155388846,9.979747102660955,15.427247615709161
Spherical_Pores,0.6938518518518518,16456.76953125,7.784242155388846,9.979747102660953,15.427247615709161
Spherical_Pores,0.6938518518518518,16456.767578125,7.784242155388846,9.979747102660951,15.427247615709161
Spherical_Pores,0.682255787037037,17824.5625,7.659944216875653,9.659897138102037,13.484778931738408
Spherical_Pores,0.682255787037037,17824.5625,7.659944216875653,9.659897138102039,13.484778931738408
Spherical_Pores,0.682255787037037,17824.5625,7.659944216875653,9.659897138102036,13.484778931738408
Spherical_Pores,0.682255787037037,17824.5625,7.659944216875653,9.659897138102032,13.484778931738408
Spherical_Pores,0.6995416666666666,19032.453125,7.659944216875653,9.981899012159632,13.484778931738408
Spherical_Pores,0.6995416666666666,19032.453125,7.659944216875653,9.981899012159634,13.484778931738408
Spherical_Pores,0.6995416666666666,19032.453125,7.659944216875653,9.981899012159632,13.484778931738408
Spherical_Pores,0.6995416666666666,19032.453125,7.659944216875653,9.981899012159632,13.484778931738408
Spherical_Pores,0.6799392361111111,19180.96484375,7.917256402135409,10.249979230553059,15.779731644995012
Spherical_Pores,0.6799392361111111,19180.962890625,7.917256402135409,10.249979230553052,15.779731644995012
Spherical_Pores,0.6799392361111111,19180.96484375,7.917256402135409,10.249979230553066,15.779731644995012
Spherical_Pores,0.6799392361111111,19180.96484375,7.917256402135409,10.249979230553064,15.779731644995012
Spherical_Pores,0.6748582175925926,14489.779296875,7.6725258313578095,9.821343317727399,13.513086916487314
Spherical_Pores,0.6748582175925926,14489.7783203125,7.6725258313578095,9.821343317727395,13.513086916487314
Spherical_Pores,0.6748582175925926,14489.779296875,7.6725258313578095,9.821343317727402,13.513086916487314
Spherical_Pores,0.6748582175925926,14489.779296875,7.6725258313578095,9.821343317727406,13.513086916487314
Spherical_Pores,0.6804224537037037,20883.744140625,8.779154982072178,11.905227584772208,18.110771637517
Spherical_Pores,0.6804224537037037,20883.744140625,8.779154982072178,11.905227584772211,18.110771637517
Spherical_Pores,0.6804224537037037,20883.744140625,8.779154982072178,11.905227584772204,18.110771637517
Spherical_Pores,0.6804224537037037,20883.744140625,8.779154982072178,11.905227584772206,18.110771637517
Spherical_Pores,0.6959681712962963,26649.392578125,8.779154982072178,12.160683710535551,18.110771637517
Spherical_Pores,0.6959681712962963,26649.3984375,8.779154982072178,12.16068371053556,18.110771637517
Spherical_Pores,0.6959681712962963,26649.39453125,8.779154982072178,12.16068371053554,18.110771637517
Spherical_Pores,0.6959681712962963,26649.39453125,8.779154982072178,12.160683710535553,18.110771637517
Spherical_Pores,0.7233443287037037,29106.08203125,8.82910319846056,11.714725422491892,18.24828789958463
Spherical_Pores,0.7233443287037037,29106.08203125,8.82910319846056,11.714725422491897,18.24828789958463
Spherical_Pores,0.7233443287037037,29106.08203125,8.82910319846056,11.714725422491895,18.24828789958463
Spherical_Pores,0.7233443287037037,29106.08203125,8.82910319846056,11.714725422491892,18.24828789958463
Spherical_Pores,0.7105711805555556,24909.3203125,8.96651224943781,12.196648052158826,18.627935614267468
Spherical_Pores,0.7105711805555556,24909.3203125,8.96651224943781,12.196648052158825,18.627935614267468
Spherical_Pores,0.7105711805555556,24909.3203125,8.96651224943781,12.196648052158832,18.627935614267468
Spherical_Pores,0.7105711805555556,24909.3203125,8.96651224943781,12.196648052158828,18.627935614267468
Spherical_Pores,0.734203125,26951.501953125,9.905279978734567,12.183342727768988,18.110771637517
Spherical_Pores,0.734203125,26951.501953125,9.905279978734567,12.183342727768995,18.110771637517
Spherical_Pores,0.734203125,26951.501953125,9.905279978734567,12.183342727768995,18.110771637517
Spherical_Pores,0.734203125,26951.50390625,9.905279978734567,12.18334272776899,18.110771637517
Spherical_Pores,0.6882459490740741,26887.154296875,9.905279978734567,11.92064368020004,18.110771637517
Spherical_Pores,0.6882459490740741,26887.15625,9.905279978734567,11.920643680200042,18.110771637517
Spherical_Pores,0.6882459490740741,26887.154296875,9.905279978734567,11.92064368020004,18.110771637517
Spherical_Pores,0.6882459490740741,26887.154296875,9.905279978734567,11.92064368020004,18.110771637517
Spherical_Pores,0.715207175925926,30653.876953125,8.779154982072178,12.249455009891326,18.110771637517
Spherical_Pores,0.715207175925926,30653.876953125,8.779154982072178,12.249455009891323,18.110771637517
Spherical_Pores,0.715207175925926,30653.876953125,8.779154982072178,12.24945500989133,18.110771637517
Spherical_Pores,0.715207175925926,30653.876953125,8.779154982072178,12.249455009891335,18.110771637517
Spherical_Pores,0.6425758101851852,13146.072265625,8.779154982072178,11.891278536630896,18.110771637517
Spherical_Pores,0.6425758101851852,13146.072265625,8.779154982072178,11.891278536630889,18.110771637517
Spherical_Pores,0.6425758101851852,13146.072265625,8.779154982072178,11.891278536630896,18.110771637517
Spherical_Pores,0.6425758101851852,13146.072265625,8.779154982072178,11.891278536630896,18.110771637517
Spherical_Pores,0.6994930555555555,25445.185546875,8.956813548008729,11.763371446846772,18.601075046419144
Spherical_Pores,0.6994930555555555,25445.185546875,8.956813548008729,11.763371446846767,18.601075046419144
Spherical_Pores,0.6994930555555555,25445.18359375,8.956813548008729,11.763371446846772,18.601075046419144
Spherical_Pores,0.6994930555555555,25445.185546875,8.956813548008729,11.763371446846767,18.601075046419144
Spherical_Pores,0.7086336805555555,28613.4375,9.941042918462946,12.113336219798503,16.121951941266968
Spherical_Pores,0.7086336805555555,28613.4375,9.941042918462946,12.113336219798494,16.121951941266968
Spherical_Pores,0.7086336805555555,28613.4375,9.941042918462946,12.113336219798494,16.121951941266968
Spherical_Pores,0.7086336805555555,28613.4375,9.941042918462946,12.113336219798496,16.121951941266968
Spherical_Pores,0.8005266203703704,16580.80078125,5.606454032149879,6.865122275467445,11.401754068363152
Spherical_Pores,0.8005266203703704,16580.80078125,5.606454032149879,6.865122275467449,11.401754068363152
Spherical_Pores,0.8005266203703704,16580.80078125,5.606454032149879,6.8651222754674475,11.401754068363152
Spherical_Pores,0.8005266203703704,16580.80078125,5.606454032149879,6.865122275467451,11.401754068363152
Spherical_Pores,0.7811064814814814,13890.044921875,5.33496946355521,6.74010303789755,10.63014543978416
Spherical_Pores,0.7811064814814814,13890.044921875,5.33496946355521,6.7401030378975495,10.63014543978416
Spherical_Pores,0.7811064814814814,13890.044921875,5.33496946355521,6.740103037897548,10.63014543978416
Spherical_Pores,0.7811064814814814,13890.044921875,5.33496946355521,6.740103037897548,10.63014543978416
Spherical_Pores,0.7965497685185186,16129.03515625,5.417408003671322,6.9593291747608435,10.862780518715192
Spherical_Pores,0.7965497685185186,16129.03515625,5.417408003671322,6.959329174760843,10.862780518715192
Spherical_Pores,0.7965497685185186,16129.03515625,5.417408003671322,6.959329174760848,10.862780518715192
Spherical_Pores,0.7965497685185186,16129.03515625,5.417408003671322,6.9593291747608435,10.862780518715192
Spherical_Pores,0.7789502314814815,14361.2177734375,5.465792635604961,6.909804204604812,10.999999970229567
Spherical_Pores,0.7789502314814815,14361.2177734375,5.465792635604961,6.909804204604814,10.999999970229567
Spherical_Pores,0.7789502314814815,14361.2177734375,5.465792635604961,6.909804204604813,10.999999970229567
Spherical_Pores,0.7789502314814815,14361.2177734375,5.465792635604961,6.909804204604812,10.999999970229567
Spherical_Pores,0.7835885416666667,13785.099609375,5.21549904462506,6.828737664190146,9.342414210152528
Spherical_Pores,0.7835885416666667,13785.099609375,5.21549904462506,6.828737664190145,9.342414210152528
Spherical_Pores,0.7835885416666667,13785.099609375,5.21549904462506,6.828737664190139,9.342414210152528
Spherical_Pores,0.7835885416666667,13785.099609375,5.21549904462506,6.828737664190146,9.342414210152528
Spherical_Pores,0.7958020833333334,15928.548828125,5.808111257163678,6.924397600713308,10.440306193624936
Spherical_Pores,0.7958020833333334,15928.548828125,5.808111257163678,6.924397600713306,10.440306193624936
Spherical_Pores,0.7958020833333334,15928.548828125,5.808111257163678,6.924397600713311,10.440306193624936
Spherical_Pores,0.7958020833333334,15928.548828125,5.808111257163678,6.9243976007133075,10.440306193624936
Spherical_Pores,0.7912546296296297,17517.396484375,5.417408003671322,6.953480553423527,10.862780518715192
Spherical_Pores,0.7912546296296297,17517.400390625,5.417408003671322,6.95348055342353,10.862780518715192
Spherical_Pores,0.7912546296296297,17517.396484375,5.417408003671322,6.95348055342353,10.862780518715192
Spherical_Pores,0.7912546296296297,17517.400390625,5.417408003671322,6.953480553423528,10.862780518715192
Spherical_Pores,0.7957314814814814,15955.1298828125,5.351642747543431,6.922725189981473,10.677077532298759
Spherical_Pores,0.7957314814814814,15955.1328125,5.351642747543431,6.922725189981475,10.677077532298759
Spherical_Pores,0.7957314814814814,15955.1328125,5.351642747543431,6.922725189981468,10.677077532298759
Spherical_Pores,0.7957314814814814,15955.1328125,5.351642747543431,6.9227251899814695,10.677077532298759
Spherical_Pores,0.8067974537037037,18070.611328125,5.401103169409115,6.999215823062925,10.816653135594944
Spherical_Pores,0.8067974537037037,18070.611328125,5.401103169409115,6.999215823062921,10.816653135594944
Spherical_Pores,0.8067974537037037,18070.611328125,5.401103169409115,6.999215823062922,10.816653135594944
Spherical_Pores,0.8067974537037037,18070.611328125,5.401103169409115,6.999215823062927,10.816653135594944
Spherical_Pores,0.7921226851851851,15183.16015625,5.2048275575758876,6.849152198055708,11.874341040492869
Spherical_Pores,0.7921226851851851,15183.16015625,5.2048275575758876,6.8491521980557115,11.874341040492869
Spherical_Pores,0.7921226851851851,15183.16015625,5.2048275575758876,6.849152198055713,11.874341040492869
Spherical_Pores,0.7921226851851851,15183.16015625,5.2048275575758876,6.8491521980557115,11.874341040492869
Spherical_Pores,0.7913969907407408,25692.251953125,6.76558891667789,9.066570555858876,14.866069191748569
Spherical_Pores,0.7913969907407408,25692.251953125,6.76558891667789,9.066570555858874,14.866069191748569
Spherical_Pores,0.7913969907407408,25692.251953125,6.76558891667789,9.066570555858874,14.866069191748569
Spherical_Pores,0.7913969907407408,25692.251953125,6.76558891667789,9.066570555858874,14.866069191748569
Spherical_Pores,0.7772129629629629,26946.328125,7.096877917121268,8.743227012215778,13.638180873463709
Spherical_Pores,0.7772129629629629,26946.330078125,7.096877917121268,8.743227012215778,13.638180873463709
Spherical_Pores,0.7772129629629629,26946.330078125,7.096877917121268,8.743227012215774,13.638180873463709
Spherical_Pores,0.7772129629629629,26946.330078125,7.096877917121268,8.743227012215778,13.638180873463709
Spherical_Pores,0.7944299768518519,26658.9296875,7.209840439071687,8.892751243003573,13.928388479609902
Spherical_Pores,0.7944299768518519,26658.9296875,7.209840439071687,8.892751243003572,13.928388479609902
Spherical_Pores,0.7944299768518519,26658.9296875,7.209840439071687,8.892751243003568,13.928388479609902
Spherical_Pores,0.7944299768518519,26658.931640625,7.209840439071687,8.89275124300357,13.928388479609902
Spherical_Pores,0.78934375,23254.541015625,6.4839656892561806,8.789944533202595,12.542171144784101
Spherical_Pores,0.78934375,23254.541015625,6.4839656892561806,8.789944533202595,12.542171144784101
Spherical_Pores,0.78934375,23254.541015625,6.4839656892561806,8.789944533202593,12.542171144784101
Spherical_Pores,0.78934375,23254.54296875,6.4839656892561806,8.789944533202592,12.542171144784101
Spherical_Pores,0.7719652777777778,21628.806640625,6.530526277573753,8.749645011106685,12.664176399359539
Spherical_Pores,0.7719652777777778,21628.8046875,6.530526277573753,8.749645011106681,12.664176399359539
Spherical_Pores,0.7719652777777778,21628.8046875,6.530526277573753,8.749645011106686,12.664176399359539
Spherical_Pores,0.7719652777777778,21628.806640625,6.530526277573753,8.74964501110668,12.664176399359539
Spherical_Pores,0.7699137731481481,23439.609375,7.139588640402883,8.706955567660374,13.747727646791398
Spherical_Pores,0.7699137731481481,23439.609375,7.139588640402883,8.706955567660376,13.747727646791398
Spherical_Pores,0.7699137731481481,23439.609375,7.139588640402883,8.706955567660367,13.747727646791398
Spherical_Pores,0.7699137731481481,23439.609375,7.139588640402883,8.706955567660376,13.747727646791398
Spherical_Pores,0.7805538194444445,23085.94921875,6.8463248775309635,8.895906573675466,12.99999958354357
Spherical_Pores,0.7805538194444445,23085.947265625,6.8463248775309635,8.89590657367547,12.99999958354357
Spherical_Pores,0.7805538194444445,23085.947265625,6.8463248775309635,8.895906573675468,12.99999958354357
Spherical_Pores,0.7805538194444445,23085.94921875,6.8463248775309635,8.895906573675465,12.99999958354357
Spherical_Pores,0.779447337962963,20783.802734375,6.800494787757339,8.838418890092766,12.884097898823143
Spherical_Pores,0.779447337962963,20783.802734375,6.800494787757339,8.838418890092763,12.884097898823143
Spherical_Pores,0.779447337962963,20783.802734375,6.800494787757339,8.838418890092766,12.884097898823143
Spherical_Pores,0.779447337962963,20783.802734375,6.800494787757339,8.838418890092765,12.884097898823143
Spherical_Pores,0.7866527777777778,23041.232421875,6.797974557603473,8.978545015019096,13.370897117553818
Spherical_Pores,0.7866527777777778,23041.232421875,6.797974557603473,8.978545015019092,13.370897117553818
Spherical_Pores,0.7866527777777778,23041.232421875,6.797974557603473,8.978545015019101,13.370897117553818
Spherical_Pores,0.7866527777777778,23041.23046875,6.797974557603473,8.978545015019098,13.370897117553818
Spherical_Pores,0.7953993055555556,29038.22265625,6.721963057167331,8.992544143953046,14.730918214856723
Spherical_Pores,0.7953993055555556,29038.22265625,6.721963057167331,8.992544143953053,14.730918214856723
Spherical_Pores,0.7953993055555556,29038.22265625,6.721963057167331,8.992544143953051,14.730918214856723
Spherical_Pores,0.7953993055555556,29038.22265625,6.721963057167331,8.992544143953046,14.730918214856723
Spherical_Pores,0.7566597222222222,27189.4453125,8.240050131770328,10.866827654203412,16.643313937698313
Spherical_Pores,0.7566597222222222,27189.4453125,8.240050131770328,10.866827654203401,16.643313937698313
Spherical_Pores,0.7566597222222222,27189.4453125,8.240050131770328,10.866827654203407,16.643313937698313
Spherical_Pores,0.7566597222222222,27189.4453125,8.240050131770328,10.866827654203401,16.643313937698313
Spherical_Pores,0.7532824074074074,27493.224609375,7.4762240023444555,10.761389616076196,15.20690265531322
Spherical_Pores,0.7532824074074074,27493.224609375,7.4762240023444555,10.761389616076197,15.20690265531322
Spherical_Pores,0.7532824074074074,27493.224609375,7.4762240023444555,10.761389616076196,15.20690265531322
Spherical_Pores,0.7532824074074074,27493.224609375,7.4762240023444555,10.761389616076196,15.20690265531322
Spherical_Pores,0.7758107638888889,40314.6640625,8.251194235544208,10.895953846938388,16.673332624338627
Spherical_Pores,0.7758107638888889,40314.6640625,8.251194235544208,10.895953846938395,16.673332624338627
Spherical_Pores,0.7758107638888889,40314.6640625,8.251194235544208,10.895953846938403,16.673332624338627
Spherical_Pores,0.7758107638888889,40314.6640625,8.251194235544208,10.895953846938397,16.673332624338627
Spherical_Pores,0.7807453703703704,39369.72265625,8.543040432670805,10.771540118443088,15.502213050223787
Spherical_Pores,0.7807453703703704,39369.72265625,8.543040432670805,10.771540118443092,15.502213050223787
Spherical_Pores,0.7807453703703704,39369.72265625,8.543040432670805,10.771540118443085,15.502213050223787
Spherical_Pores,0.7807453703703704,39369.72265625,8.543040432670805,10.771540118443092,15.502213050223787
Spherical_Pores,0.7718732638888889,40944.6640625,8.55353242669956,10.759961614804407,17.492854138527438
Spherical_Pores,0.7718732638888889,40944.6640625,8.55353242669956,10.75996161480441,17.492854138527438
Spherical_Pores,0.7718732638888889,40944.6640625,8.55353242669956,10.759961614804405,17.492854138527438
Spherical_Pores,0.7718732638888889,40944.65625,8.55353242669956,10.759961614804405,17.492854138527438
Spherical_Pores,0.766134837962963,32946.95703125,8.149991038364464,10.655170806747115,16.401220785827423
Spherical_Pores,0.766134837962963,32946.95703125,8.149991038364464,10.655170806747114,16.401220785827423
Spherical_Pores,0.766134837962963,32946.95703125,8.149991038364464,10.655170806747114,16.401220785827423
Spherical_Pores,0.766134837962963,32946.95703125,8.149991038364464,10.655170806747117,16.401220785827423
Spherical_Pores,0.7829045138888889,35877.70703125,8.104331834803084,10.872199537576419,14.492344984386053
Spherical_Pores,0.7829045138888889,35877.70703125,8.104331834803084,10.872199537576412,14.492344984386053
Spherical_Pores,0.7829045138888889,35877.703125,8.104331834803084,10.872199537576424,14.492344984386053
Spherical_Pores,0.7829045138888889,35877.703125,8.104331834803084,10.872199537576417,14.492344984386053
Spherical_Pores,0.782,42429.01171875,9.317075442902269,11.008888422418234,14.905222994063115
Spherical_Pores,0.782,42429.01171875,9.317075442902269,11.008888422418229,14.905222994063115
Spherical_Pores,0.782,42429.01171875,9.317075442902269,11.008888422418234,14.905222994063115
Spherical_Pores,0.782,42429.01171875,9.317075442902269,11.008888422418233,14.905222994063115
Spherical_Pores,0.7745219907407408,38404.69921875,8.55353242669956,10.80831648869614,17.492854138527438
Spherical_Pores,0.7745219907407408,38404.69921875,8.55353242669956,10.808316488696136,17.492854138527438
Spherical_Pores,0.7745219907407408,38404.69921875,8.55353242669956,10.808316488696143,17.492854138527438
Spherical_Pores,0.7745219907407408,38404.703125,8.55353242669956,10.80831648869614,17.492854138527438
Spherical_Pores,0.783724537037037,36627.34765625,8.7097263005131,10.774952681187944,15.394802261840416
Spherical_Pores,0.783724537037037,36627.34765625,8.7097263005131,10.774952681187955,15.394802261840416
Spherical_Pores,0.783724537037037,36627.34765625,8.7097263005131,10.774952681187951,15.394802261840416
Spherical_Pores,0.783724537037037,36627.34765625,8.7097263005131,10.77495268118794,15.394802261840416
Spherical_Pores,0.7968275462962963,49403.625,9.109944903897697,12.725903421145077,16.828596726501807
Spherical_Pores,0.7968275462962963,49403.625,9.109944903897697,12.725903421145084,16.828596726501807
Spherical_Pores,0.7968275462962963,49403.625,9.109944903897697,12.725903421145077,16.828596726501807
Spherical_Pores,0.7968275462962963,49403.625,9.109944903897697,12.725903421145082,16.828596726501807
Spherical_Pores,0.7678888888888888,37601.6484375,9.091037627430099,12.420808649295347,16.783980669217996
Spherical_Pores,0.7678888888888888,37601.6484375,9.091037627430099,12.420808649295354,16.783980669217996
Spherical_Pores,0.7678888888888888,37601.6484375,9.091037627430099,12.420808649295346,16.783980669217996
Spherical_Pores,0.7678888888888888,37601.6484375,9.091037627430099,12.420808649295354,16.783980669217996
Spherical_Pores,0.7699131944444444,42935.87109375,8.878586157344312,12.068549201730152,16.284433330382548
Spherical_Pores,0.7699131944444444,42935.87109375,8.878586157344312,12.068549201730157,16.284433330382548
Spherical_Pores,0.7699131944444444,42935.875,8.878586157344312,12.068549201730148,16.284433330382548
Spherical_Pores,0.7699131944444444,42935.875,8.878586157344312,12.068549201730152,16.284433330382548
Spherical_Pores,0.8005486111111111,65611.9375,10.310896095864386,12.857123715902151,16.850856124634657
Spherical_Pores,0.8005486111111111,65611.9375,10.310896095864386,12.85712371590215,16.850856124634657
Spherical_Pores,0.8005486111111111,65611.9375,10.310896095864386,12.857123715902151,16.850856124634657
Spherical_Pores,0.8005486111111111,65611.9375,10.310896095864386,12.857123715902157,16.850856124634657
Spherical_Pores,0.7783130787037037,58621.44921875,9.958175900598317,12.616331587419628,18.856103710176306
Spherical_Pores,0.7783130787037037,58621.44921875,9.958175900598317,12.616331587419628,18.856103710176306
Spherical_Pores,0.7783130787037037,58621.44921875,9.958175900598317,12.61633158741963,18.856103710176306
Spherical_Pores,0.7783130787037037,58621.44921875,9.958175900598317,12.61633158741963,18.856103710176306
Spherical_Pores,0.7565063657407407,31771.328125,9.412910904449932,12.669997996665934,17.54699783291359
Spherical_Pores,0.7565063657407407,31771.328125,9.412910904449932,12.669997996665941,17.54699783291359
Spherical_Pores,0.7565063657407407,31771.328125,9.412910904449932,12.669997996665936,17.54699783291359
Spherical_Pores,0.7565063657407407,31771.328125,9.412910904449932,12.66999799666594,17.54699783291359
Spherical_Pores,0.7762517361111111,52862.87109375,9.892730488985228,12.672587653250488,21.236758912647247
Spherical_Pores,0.7762517361111111,52862.875,9.892730488985228,12.672587653250488,21.236758912647247
Spherical_Pores,0.7762517361111111,52862.87109375,9.892730488985228,12.672587653250488,21.236758912647247
Spherical_Pores,0.7762517361111111,52862.8671875,9.892730488985228,12.67258765325048,21.236758912647247
Spherical_Pores,0.7687609953703703,39744.2421875,10.254442419878073,12.830206503856619,16.739236311768614
Spherical_Pores,0.7687609953703703,39744.2421875,10.254442419878073,12.83020650385662,16.739236311768614
Spherical_Pores,0.7687609953703703,39744.2421875,10.254442419878073,12.83020650385662,16.739236311768614
Spherical_Pores,0.7687609953703703,39744.2421875,10.254442419878073,12.830206503856619,16.739236311768614
Spherical_Pores,0.758566550925926,40988.67578125,9.536659651672416,12.478172895589747,17.842298748784298
Spherical_Pores,0.758566550925926,40988.67578125,9.536659651672416,12.478172895589745,17.842298748784298
Spherical_Pores,0.758566550925926,40988.67578125,9.536659651672416,12.478172895589744,17.842298748784298
Spherical_Pores,0.758566550925926,40988.67578125,9.536659651672416,12.478172895589745,17.842298748784298
Spherical_Pores,0.8113090277777778,57457.87890625,10.231727471557717,12.584994013000333,18.86796261474776
Spherical_Pores,0.8113090277777778,57457.87890625,10.231727471557717,12.58499401300033,18.86796261474776
Spherical_Pores,0.8113090277777778,57457.875,10.231727471557717,12.584994013000333,18.86796261474776
Spherical_Pores,0.8113090277777778,57457.87890625,10.231727471557717,12.584994013000328,18.86796261474776
Spherical_Grains,0.22551446759259258,323.4210510253906,4.657040321044598,7.596192511386274,15.20690265531322
Spherical_Grains,0.22551446759259258,323.4210510253906,4.657040321044598,7.596192511386277,15.20690265531322
Spherical_Grains,0.22551446759259258,323.4210510253906,4.657040321044598,7.5961925113862785,15.20690265531322
Spherical_Grains,0.22551446759259258,323.4210510253906,4.657040321044598,7.596192511386276,15.20690265531322
Spherical_Grains,0.23154340277777777,1686.3115234375,4.689578352672482,7.226312890490463,12.664176399359539
Spherical_Grains,0.23154340277777777,1686.3115234375,4.689578352672482,7.226312890490464,12.664176399359539
Spherical_Grains,0.23154340277777777,1686.3115234375,4.689578352672482,7.226312890490464,12.664176399359539
Spherical_Grains,0.23154340277777777,1686.3115234375,4.689578352672482,7.226312890490464,12.664176399359539
Spherical_Grains,0.3010318287037037,2454.301025390625,5.157123589154868,8.734267296271657,20.663977423991568
Spherical_Grains,0.3010318287037037,2454.301025390625,5.157123589154868,8.734267296271655,20.663977423991568
Spherical_Grains,0.3010318287037037,2454.301025390625,5.157123589154868,8.734267296271659,20.663977423991568
Spherical_Grains,0.3010318287037037,2454.301025390625,5.157123589154868,8.734267296271655,20.663977423991568
Spherical_Grains,0.23918402777777778,2492.529052734375,4.622254363086703,7.357074191657358,15.006515897782995
Spherical_Grains,0.23918402777777778,2492.529052734375,4.622254363086703,7.357074191657359,15.006515897782995
Spherical_Grains,0.23918402777777778,2492.529052734375,4.622254363086703,7.357074191657359,15.006515897782995
Spherical_Grains,0.23918402777777778,2492.529052734375,4.622254363086703,7.357074191657355,15.006515897782995
Spherical_Grains,0.248984375,1843.644287109375,4.489848514021325,7.342375164549942,14.254381292074651
Spherical_Grains,0.248984375,1843.644287109375,4.489848514021325,7.34237516454994,14.254381292074651
Spherical_Grains,0.248984375,1843.644287109375,4.489848514021325,7.342375164549944,14.254381292074651
Spherical_Grains,0.248984375,1843.6441650390625,4.489848514021325,7.3423751645499395,14.254381292074651
Spherical_Grains,0.26663020833333334,2724.536865234375,4.707943285116611,7.960026939149947,15.502213050223787
Spherical_Grains,0.26663020833333334,2724.536865234375,4.707943285116611,7.960026939149944,15.502213050223787
Spherical_Grains,0.26663020833333334,2724.536865234375,4.707943285116611,7.960026939149944,15.502213050223787
Spherical_Grains,0.26663020833333334,2724.536865234375,4.707943285116611,7.960026939149946,15.502213050223787
Spherical_Grains,0.2734068287037037,2757.0693359375,4.927858407571451,7.543894005288477,16.806304838990258
Spherical_Grains,0.2734068287037037,2757.0693359375,4.927858407571451,7.5438940052884735,16.806304838990258
Spherical_Grains,0.2734068287037037,2757.0693359375,4.927858407571451,7.5438940052884735,16.806304838990258
Spherical_Grains,0.2734068287037037,2757.0693359375,4.927858407571451,7.543894005288474,16.806304838990258
Spherical_Grains,0.2575167824074074,906.4114379882812,4.582258238526664,7.9104025850777,14.777545313402767
Spherical_Grains,0.2575167824074074,906.4114990234375,4.582258238526664,7.9104025850776996,14.777545313402767
Spherical_Grains,0.2575167824074074,906.4114990234375,4.582258238526664,7.9104025850776996,14.777545313402767
Spherical_Grains,0.2575167824074074,906.4114990234375,4.582258238526664,7.9104025850777,14.777545313402767
Spherical_Grains,0.23119849537037038,1511.4310302734375,4.776620293757688,6.559553928753695,10.998119557438786
Spherical_Grains,0.23119849537037038,1511.430908203125,4.776620293757688,6.5595539287536955,10.998119557438786
Spherical_Grains,0.23119849537037038,1511.4310302734375,4.776620293757688,6.559553928753692,10.998119557438786
Spherical_Grains,0.23119849537037038,1511.4310302734375,4.776620293757688,6.559553928753695,10.998119557438786
Spherical_Grains,0.23223379629629629,1445.3651123046875,4.689578352672482,6.829071991183813,12.664176399359539
Spherical_Grains,0.23223379629629629,1445.3651123046875,4.689578352672482,6.829071991183813,12.664176399359539
Spherical_Grains,0.23223379629629629,1445.365234375,4.689578352672482,6.829071991183814,12.664176399359539
Spherical_Grains,0.23223379629629629,1445.3651123046875,4.689578352672482,6.829071991183814,12.664176399359539
Spherical_Grains,0.20609664351851853,1690.384765625,5.0511360762251085,7.3774241579579405,16.062377614122575
Spherical_Grains,0.20609664351851853,1690.384765625,5.0511360762251085,7.3774241579579405,16.062377614122575
Spherical_Grains,0.20609664351851853,1690.384765625,5.0511360762251085,7.37742415795794,16.062377614122575
Spherical_Grains,0.20609664351851853,1690.384765625,5.0511360762251085,7.3774241579579405,16.062377614122575
Spherical_Grains,0.21835590277777778,124.79769897460938,4.757406103254751,8.269670717976119,15.7915312805813
Spherical_Grains,0.21835590277777778,124.79769897460938,4.757406103254751,8.269670717976119,15.7915312805813
Spherical_Grains,0.21835590277777778,124.79769897460938,4.757406103254751,8.269670717976123,15.7915312805813
Spherical_Grains,0.21835590277777778,124.79769897460938,4.757406103254751,8.26967071797612,15.7915312805813
Spherical_Grains,0.2283726851851852,1004.9591674804688,4.793614702681562,8.048054769310149,16.004795965291805
Spherical_Grains,0.2283726851851852,1004.9591674804688,4.793614702681562,8.048054769310149,16.004795965291805
Spherical_Grains,0.2283726851851852,1004.9591674804688,4.793614702681562,8.048054769310152,16.004795965291805
Spherical_Grains,0.2283726851851852,1004.9591674804688,4.793614702681562,8.048054769310149,16.004795965291805
Spherical_Grains,0.18280092592592592,740.9130859375,4.461101724263163,7.090191145144568,14.093309607176273
Spherical_Grains,0.18280092592592592,740.9129028320312,4.461101724263163,7.090191145144568,14.093309607176273
Spherical_Grains,0.18280092592592592,740.9129028320312,4.461101724263163,7.0901911451445665,14.093309607176273
Spherical_Grains,0.18280092592592592,740.9130859375,4.461101724263163,7.090191145144566,14.093309607176273
Spherical_Grains,0.22599768518518518,867.5274047851562,4.707943285116611,7.650235418100795,15.502213050223787
Spherical_Grains,0.22599768518518518,867.5274047851562,4.707943285116611,7.650235418100797,15.502213050223787
Spherical_Grains,0.22599768518518518,867.5274047851562,4.707943285116611,7.650235418100795,15.502213050223787
Spherical_Grains,0.22599768518518518,867.5274047851562,4.707943285116611,7.6502354181008,15.502213050223787
Spherical_Grains,0.251890625,1058.4249267578125,4.686914522372795,7.998758437310918,15.379916645162636
Spherical_Grains,0.251890625,1058.4249267578125,4.686914522372795,7.998758437310916,15.379916645162636
Spherical_Grains,0.251890625,1058.4249267578125,4.686914522372795,7.998758437310915,15.379916645162636
Spherical_Grains,0.251890625,1058.425048828125,4.686914522372795,7.998758437310917,15.379916645162636
Spherical_Grains,0.28603819444444445,4857.82666015625,5.571082917126028,8.005758177037087,16.806304838990258
Spherical_Grains,0.28603819444444445,4857.82666015625,5.571082917126028,8.005758177037086,16.806304838990258
Spherical_Grains,0.28603819444444445,4857.82666015625,5.571082917126028,8.005758177037087,16.806304838990258
Spherical_Grains,0.28603819444444445,4857.82666015625,5.571082917126028,8.005758177037087,16.806304838990258
Spherical_Grains,0.26580497685185184,3301.633056640625,4.840775884188179,8.14209066756222,16.284433330382548
Spherical_Grains,0.26580497685185184,3301.633056640625,4.840775884188179,8.142090667562222,16.284433330382548
Spherical_Grains,0.26580497685185184,3301.633544921875,4.840775884188179,8.14209066756222,16.284433330382548
Spherical_Grains,0.26580497685185184,3301.633056640625,4.840775884188179,8.14209066756222,16.284433330382548
Spherical_Grains,0.19442766203703704,615.7424926757812,4.639735117067294,7.375574716141107,15.107070451545495
Spherical_Grains,0.19442766203703704,615.7424926757812,4.639735117067294,7.375574716141104,15.107070451545495
Spherical_Grains,0.19442766203703704,615.742431640625,4.639735117067294,7.375574716141102,15.107070451545495
Spherical_Grains,0.19442766203703704,615.7424926757812,4.639735117067294,7.375574716141105,15.107070451545495
Spherical_Grains,0.2622951388888889,2813.367431640625,4.805521969764127,8.127938165174015,18.138358025698693
Spherical_Grains,0.2622951388888889,2813.367431640625,4.805521969764127,8.127938165174015,18.138358025698693
Spherical_Grains,0.2622951388888889,2813.367431640625,4.805521969764127,8.127938165174017,18.138358025698693
Spherical_Grains,0.2622951388888889,2813.367431640625,4.805521969764127,8.127938165174017,18.138358025698693
Spherical_Grains,0.22610416666666666,2380.5732421875,5.247284750587541,7.608359027767681,17.14642781666828
Spherical_Grains,0.22610416666666666,2380.5732421875,5.247284750587541,7.608359027767678,17.14642781666828
Spherical_Grains,0.22610416666666666,2380.5732421875,5.247284750587541,7.608359027767681,17.14642781666828
Spherical_Grains,0.22610416666666666,2380.5732421875,5.247284750587541,7.608359027767681,17.14642781666828
Spherical_Grains,0.19316608796296297,2585.588134765625,4.853480243460016,7.379964560935937,13.399466542339818
Spherical_Grains,0.19316608796296297,2585.588134765625,4.853480243460016,7.379964560935935,13.399466542339818
Spherical_Grains,0.19316608796296297,2585.588134765625,4.853480243460016,7.379964560935935,13.399466542339818
Spherical_Grains,0.19316608796296297,2585.588134765625,4.853480243460016,7.379964560935935,13.399466542339818
Spherical_Grains,0.2322685185185185,4286.73828125,5.804489218823001,8.466734783675118,16.673332624338627
Spherical_Grains,0.2322685185185185,4286.73828125,5.804489218823001,8.46673478367512,16.673332624338627
Spherical_Grains,0.2322685185185185,4286.73779296875,5.804489218823001,8.46673478367512,16.673332624338627
Spherical_Grains,0.2322685185185185,4286.73779296875,5.804489218823001,8.466734783675124,16.673332624338627
Spherical_Grains,0.29397743055555553,6329.9384765625,6.996844583703957,9.201921133746813,15.588457542915263
Spherical_Grains,0.29397743055555553,6329.9384765625,6.996844583703957,9.201921133746819,15.588457542915263
Spherical_Grains,0.29397743055555553,6329.9384765625,6.996844583703957,9.201921133746815,15.588457542915263
Spherical_Grains,0.29397743055555553,6329.9384765625,6.996844583703957,9.201921133746815,15.588457542915263
Spherical_Grains,0.23478472222222221,3107.87646484375,5.407814993400475,8.672135622120827,16.004795965291805
Spherical_Grains,0.23478472222222221,3107.876708984375,5.407814993400475,8.67213562212083,16.004795965291805
Spherical_Grains,0.23478472222222221,3107.876708984375,5.407814993400475,8.672135622120832,16.004795965291805
Spherical_Grains,0.23478472222222221,3107.876708984375,5.407814993400475,8.672135622120829,16.004795965291805
Spherical_Grains,0.216484375,2330.60791015625,5.887982936285657,9.262572142438405,17.058721082487274
Spherical_Grains,0.216484375,2330.608154296875,5.887982936285657,9.262572142438405,17.058721082487274
Spherical_Grains,0.216484375,2330.608154296875,5.887982936285657,9.2625721424384,17.058721082487274
Spherical_Grains,0.216484375,2330.608154296875,5.887982936285657,9.262572142438405,17.058721082487274
Spherical_Grains,0.2702309027777778,2391.518310546875,6.619106223973761,9.415698561184602,17.029387430847528
Spherical_Grains,0.2702309027777778,2391.518798828125,6.619106223973761,9.415698561184598,17.029387430847528
Spherical_Grains,0.2702309027777778,2391.518798828125,6.619106223973761,9.415698561184596,17.029387430847528
Spherical_Grains,0.2702309027777778,2391.518310546875,6.619106223973761,9.415698561184604,17.029387430847528
Spherical_Grains,0.3572824074074074,13929.4013671875,6.649399662180584,9.675827027150637,17.14642781666828
Spherical_Grains,0.3572824074074074,13929.40234375,6.649399662180584,9.675827027150643,17.14642781666828
Spherical_Grains,0.3572824074074074,13929.4013671875,6.649399662180584,9.675827027150637,17.14642781666828
Spherical_Grains,0.3572824074074074,13929.40234375,6.649399662180584,9.675827027150643,17.14642781666828
Spherical_Grains,0.23004108796296296,228.56761169433594,4.909319795806307,7.774990878125093,13.653667316852411
Spherical_Grains,0.23004108796296296,228.5675811767578,4.909319795806307,7.774990878125094,13.653667316852411
Spherical_Grains,0.23004108796296296,228.56761169433594,4.909319795806307,7.774990878125093,13.653667316852411
Spherical_Grains,0.23004108796296296,228.5675811767578,4.909319795806307,7.774990878125094,13.653667316852411
Spherical_Grains,0.2061099537037037,765.9656982421875,5.236871586543676,7.601926995731812,12.664176399359539
Spherical_Grains,0.2061099537037037,765.9656372070312,5.236871586543676,7.601926995731813,12.664176399359539
Spherical_Grains,0.2061099537037037,765.9656372070312,5.236871586543676,7.601926995731812,12.664176399359539
Spherical_Grains,0.2061099537037037,765.9656982421875,5.236871586543676,7.601926995731812,12.664176399359539
Spherical_Grains,0.2775885416666667,7091.85400390625,6.303713386309924,10.27688598335815,16.828596726501807
Spherical_Grains,0.2775885416666667,7091.85400390625,6.303713386309924,10.276885983358149,16.828596726501807
Spherical_Grains,0.2775885416666667,7091.85400390625,6.303713386309924,10.27688598335815,16.828596726501807
Spherical_Grains,0.2775885416666667,7091.85400390625,6.303713386309924,10.276885983358154,16.828596726501807
Spherical_Grains,0.20749131944444443,711.0848999023438,4.489848514021325,7.7636018263551705,14.254381292074651
Spherical_Grains,0.20749131944444443,711.0848999023438,4.489848514021325,7.763601826355172,14.254381292074651
Spherical_Grains,0.20749131944444443,711.0850219726562,4.489848514021325,7.7636018263551705,14.254381292074651
Spherical_Grains,0.20749131944444443,711.0848999023438,4.489848514021325,7.763601826355173,14.254381292074651
Spherical_Grains,0.32499537037037035,4336.806640625,5.875307490250149,8.988561593341727,15.107070451545495
Spherical_Grains,0.32499537037037035,4336.806640625,5.875307490250149,8.988561593341723,15.107070451545495
Spherical_Grains,0.32499537037037035,4336.806640625,5.875307490250149,8.988561593341728,15.107070451545495
Spherical_Grains,0.32499537037037035,4336.806640625,5.875307490250149,8.988561593341728,15.107070451545495
Spherical_Grains,0.33155092592592594,11381.390625,6.298266366948863,9.840464731593741,16.806304838990258
Spherical_Grains,0.33155092592592594,11381.390625,6.298266366948863,9.840464731593745,16.806304838990258
Spherical_Grains,0.33155092592592594,11381.390625,6.298266366948863,9.84046473159374,16.806304838990258
Spherical_Grains,0.33155092592592594,11381.3916015625,6.298266366948863,9.840464731593741,16.806304838990258
Spherical_Grains,0.34911574074074075,11149.6796875,6.608275842760853,9.886830676243507,18.09124756360033
Spherical_Grains,0.34911574074074075,11149.6787109375,6.608275842760853,9.886830676243505,18.09124756360033
Spherical_Grains,0.34911574074074075,11149.6787109375,6.608275842760853,9.886830676243505,18.09124756360033
Spherical_Grains,0.34911574074074075,11149.6787109375,6.608275842760853,9.886830676243504,18.09124756360033
Spherical_Grains,0.2403130787037037,1762.1466064453125,5.875307490250149,9.475385902284506,15.107070451545495
Spherical_Grains,0.2403130787037037,1762.1466064453125,5.875307490250149,9.475385902284504,15.107070451545495
Spherical_Grains,0.2403130787037037,1762.1466064453125,5.875307490250149,9.475385902284508,15.107070451545495
Spherical_Grains,0.2403130787037037,1762.1466064453125,5.875307490250149,9.475385902284504,15.107070451545495
Spherical_Grains,0.2172494212962963,1044.8170166015625,4.927858407571451,8.856002610168328,16.806304838990258
Spherical_Grains,0.2172494212962963,1044.8170166015625,4.927858407571451,8.856002610168327,16.806304838990258
Spherical_Grains,0.2172494212962963,1044.8170166015625,4.927858407571451,8.85600261016833,16.806304838990258
Spherical_Grains,0.2172494212962963,1044.817138671875,4.927858407571451,8.856002610168327,16.806304838990258
Spherical_Grains,0.1783003472222222,46.375404357910156,4.897044102577501,8.100503542220029,13.59762391083298
Spherical_Grains,0.1783003472222222,46.375404357910156,4.897044102577501,8.10050354222003,13.59762391083298
Spherical_Grains,0.1783003472222222,46.375404357910156,4.897044102577501,8.100503542220029,13.59762391083298
Spherical_Grains,0.1783003472222222,46.375404357910156,4.897044102577501,8.100503542220029,13.59762391083298
Spherical_Grains,0.12437847222222222,10.773148536682129,4.927593803389376,7.781809649487795,15.394802261840416
Spherical_Grains,0.12437847222222222,10.773148536682129,4.927593803389376,7.781809649487795,15.394802261840416
Spherical_Grains,0.12437847222222222,10.773148536682129,4.927593803389376,7.781809649487794,15.394802261840416
Spherical_Grains,0.12437847222222222,10.773148536682129,4.927593803389376,7.781809649487794,15.394802261840416
Spherical_Grains,0.25157696759259257,1851.09765625,6.325397773752607,10.538130195110861,19.13112662517818
Spherical_Grains,0.25157696759259257,1851.09765625,6.325397773752607,10.538130195110865,19.13112662517818
Spherical_Grains,0.25157696759259257,1851.09765625,6.325397773752607,10.538130195110861,19.13112662517818
Spherical_Grains,0.25157696759259257,1851.09765625,6.325397773752607,10.538130195110863,19.13112662517818
Spherical_Grains,0.32991145833333335,3041.75341796875,4.644077648380233,7.454280275995386,17.029387430847528
Spherical_Grains,0.32991145833333335,3041.75341796875,4.644077648380233,7.454280275995386,17.029387430847528
Spherical_Grains,0.32991145833333335,3041.75341796875,4.644077648380233,7.454280275995388,17.029387430847528
Spherical_Grains,0.32991145833333335,3041.753662109375,4.644077648380233,7.454280275995385,17.029387430847528
Spherical_Grains,0.35317592592592595,4274.54052734375,5.398117035061097,8.256045928153865,18.000000106278666
Spherical_Grains,0.35317592592592595,4274.5400390625,5.398117035061097,8.256045928153865,18.000000106278666
Spherical_Grains,0.35317592592592595,4274.54052734375,5.398117035061097,8.256045928153865,18.000000106278666
Spherical_Grains,0.35317592592592595,4274.54052734375,5.398117035061097,8.256045928153863,18.000000106278666
Spherical_Grains,0.3167216435185185,3262.78955078125,4.604593684995801,7.225495778619827,14.905222994063115
Spherical_Grains,0.3167216435185185,3262.78955078125,4.604593684995801,7.2254957786198295,14.905222994063115
Spherical_Grains,0.3167216435185185,3262.78955078125,4.604593684995801,7.225495778619826,14.905222994063115
Spherical_Grains,0.3167216435185185,3262.78955078125,4.604593684995801,7.225495778619829,14.905222994063115
Spherical_Grains,0.32793055555555556,3273.29736328125,5.262845400543751,7.897257159469498,17.233686679432015
Spherical_Grains,0.32793055555555556,3273.29736328125,5.262845400543751,7.897257159469496,17.233686679432015
Spherical_Grains,0.32793055555555556,3273.29736328125,5.262845400543751,7.897257159469496,17.233686679432015
Spherical_Grains,0.32793055555555556,3273.29736328125,5.262845400543751,7.897257159469498,17.233686679432015
Spherical_Grains,0.2951064814814815,3797.341064453125,4.662026102112253,7.219539295163678,12.542171144784101
Spherical_Grains,0.2951064814814815,3797.341064453125,4.662026102112253,7.219539295163675,12.542171144784101
Spherical_Grains,0.2951064814814815,3797.34130859375,4.662026102112253,7.219539295163678,12.542171144784101
Spherical_Grains,0.2951064814814815,3797.34130859375,4.662026102112253,7.219539295163674,12.542171144784101
Spherical_Grains,0.30055439814814816,1882.3353271484375,4.712118449658737,7.911999324133174,17.492854138527438
Spherical_Grains,0.30055439814814816,1882.3353271484375,4.712118449658737,7.911999324133176,17.492854138527438
Spherical_Grains,0.30055439814814816,1882.3350830078125,4.712118449658737,7.911999324133172,17.492854138527438
Spherical_Grains,0.30055439814814816,1882.3353271484375,4.712118449658737,7.911999324133175,17.492854138527438
Spherical_Grains,0.27320659722222224,4762.6474609375,4.669906556502888,7.238335357585303,15.281312069097885
Spherical_Grains,0.27320659722222224,4762.6474609375,4.669906556502888,7.238335357585302,15.281312069097885
Spherical_Grains,0.27320659722222224,4762.6474609375,4.669906556502888,7.238335357585301,15.281312069097885
Spherical_Grains,0.27320659722222224,4762.64697265625,4.669906556502888,7.238335357585304,15.281312069097885
Spherical_Grains,0.2773148148148148,2530.44970703125,4.489848514021325,7.142356266385426,14.254381292074651
Spherical_Grains,0.2773148148148148,2530.44970703125,4.489848514021325,7.142356266385424,14.254381292074651
Spherical_Grains,0.2773148148148148,2530.44970703125,4.489848514021325,7.142356266385426,14.254381292074651
Spherical_Grains,0.2773148148148148,2530.44970703125,4.489848514021325,7.142356266385425,14.254381292074651
Spherical_Grains,0.27477199074074077,2697.0458984375,4.555012415465985,6.991025904604195,13.453623023082278
Spherical_Grains,0.27477199074074077,2697.0458984375,4.555012415465985,6.9910259046041965,13.453623023082278
Spherical_Grains,0.27477199074074077,2697.0458984375,4.555012415465985,6.991025904604198,13.453623023082278
Spherical_Grains,0.27477199074074077,2697.0458984375,4.555012415465985,6.991025904604197,13.453623023082278
Spherical_Grains,0.30872685185185184,2633.057861328125,4.622254363086703,7.528166335612137,15.006515897782995
Spherical_Grains,0.30872685185185184,2633.057861328125,4.622254363086703,7.528166335612138,15.006515897782995
Spherical_Grains,0.30872685185185184,2633.057861328125,4.622254363086703,7.528166335612139,15.006515897782995
Spherical_Grains,0.30872685185185184,2633.057861328125,4.622254363086703,7.528166335612135,15.006515897782995
Spherical_Grains,0.2889542824074074,769.7002563476562,4.852374618903588,8.123125910217096,16.353529304278123
Spherical_Grains,0.2889542824074074,769.7002563476562,4.852374618903588,8.123125910217095,16.353529304278123
Spherical_Grains,0.2889542824074074,769.7002563476562,4.852374618903588,8.123125910217093,16.353529304278123
Spherical_Grains,0.2889542824074074,769.7002563476562,4.852374618903588,8.123125910217098,16.353529304278123
Spherical_Grains,0.29916493055555554,1687.8912353515625,5.273158109138723,8.224279645915972,15.355330218385568
Spherical_Grains,0.29916493055555554,1687.8912353515625,5.273158109138723,8.22427964591597,15.355330218385568
Spherical_Grains,0.29916493055555554,1687.8912353515625,5.273158109138723,8.22427964591597,15.355330218385568
Spherical_Grains,0.29916493055555554,1687.8912353515625,5.273158109138723,8.224279645915974,15.355330218385568
Spherical_Grains,0.2426579861111111,1284.0224609375,4.709986771136056,7.26483261887204,12.754845449239117
Spherical_Grains,0.2426579861111111,1284.0224609375,4.709986771136056,7.26483261887204,12.754845449239117
Spherical_Grains,0.2426579861111111,1284.0224609375,4.709986771136056,7.264832618872036,12.754845449239117
Spherical_Grains,0.2426579861111111,1284.0224609375,4.709986771136056,7.264832618872038,12.754845449239117
Spherical_Grains,0.3036157407407407,4461.03564453125,5.039684587344685,7.772045008498971,14.254381292074651
Spherical_Grains,0.3036157407407407,4461.0361328125,5.039684587344685,7.77204500849897,14.254381292074651
Spherical_Grains,0.3036157407407407,4461.03564453125,5.039684587344685,7.772045008498971,14.254381292074651
Spherical_Grains,0.3036157407407407,4461.0361328125,5.039684587344685,7.77204500849897,14.254381292074651
Spherical_Grains,0.3064293981481481,508.6106872558594,5.398117035061097,7.8930314909835975,18.000000106278666
Spherical_Grains,0.3064293981481481,508.6106872558594,5.398117035061097,7.893031490983597,18.000000106278666
Spherical_Grains,0.3064293981481481,508.6106872558594,5.398117035061097,7.8930314909835975,18.000000106278666
Spherical_Grains,0.3064293981481481,508.6106872558594,5.398117035061097,7.893031490983598,18.000000106278666
Spherical_Grains,0.28349710648148146,2365.27197265625,4.674173775698294,7.988791767487663,17.233686679432015
Spherical_Grains,0.28349710648148146,2365.27197265625,4.674173775698294,7.9887917674876645,17.233686679432015
Spherical_Grains,0.28349710648148146,2365.27197265625,4.674173775698294,7.988791767487661,17.233686679432015
Spherical_Grains,0.28349710648148146,2365.271484375,4.674173775698294,7.988791767487662,17.233686679432015
Spherical_Grains,0.3039502314814815,4357.7529296875,5.11077177260156,8.261590515104313,17.92569873317342
Spherical_Grains,0.3039502314814815,4357.75390625,5.11077177260156,8.26159051510431,17.92569873317342
Spherical_Grains,0.3039502314814815,4357.7529296875,5.11077177260156,8.261590515104313,17.92569873317342
Spherical_Grains,0.3039502314814815,4357.7529296875,5.11077177260156,8.261590515104315,17.92569873317342
Spherical_Grains,0.31823263888888886,4154.05810546875,4.7856317278279645,8.387969707746013,18.000000106278666
Spherical_Grains,0.31823263888888886,4154.05712890625,4.7856317278279645,8.38796970774602,18.000000106278666
Spherical_Grains,0.31823263888888886,4154.05712890625,4.7856317278279645,8.387969707746015,18.000000106278666
Spherical_Grains,0.31823263888888886,4154.05712890625,4.7856317278279645,8.387969707746015,18.000000106278666
Spherical_Grains,0.3498269675925926,5903.29248046875,5.967726080289087,9.057129690125542,21.377557401544117
Spherical_Grains,0.3498269675925926,5903.29150390625,5.967726080289087,9.057129690125539,21.377557401544117
Spherical_Grains,0.3498269675925926,5903.29248046875,5.967726080289087,9.057129690125542,21.377557401544117
Spherical_Grains,0.3498269675925926,5903.29248046875,5.967726080289087,9.05712969012554,21.377557401544117
Spherical_Grains,0.2792604166666667,1384.6162109375,4.853480243460016,7.472146610419349,13.399466542339818
Spherical_Grains,0.2792604166666667,1384.6160888671875,4.853480243460016,7.472146610419348,13.399466542339818
Spherical_Grains,0.2792604166666667,1384.6160888671875,4.853480243460016,7.47214661041935,13.399466542339818
Spherical_Grains,0.2792604166666667,1384.6160888671875,4.853480243460016,7.472146610419349,13.399466542339818
Spherical_Grains,0.20680613425925926,2845.868896484375,4.489848514021325,7.2470113825992115,14.254381292074651
Spherical_Grains,0.20680613425925926,2845.868408203125,4.489848514021325,7.2470113825992115,14.254381292074651
Spherical_Grains,0.20680613425925926,2845.868896484375,4.489848514021325,7.2470113825992115,14.254381292074651
Spherical_Grains,0.20680613425925926,2845.868896484375,4.489848514021325,7.2470113825992115,14.254381292074651
Spherical_Grains,0.3414525462962963,7989.974609375,5.398117035061097,9.123780848124664,18.000000106278666
Spherical_Grains,0.3414525462962963,7989.974609375,5.398117035061097,9.123780848124664,18.000000106278666
Spherical_Grains,0.3414525462962963,7989.974609375,5.398117035061097,9.123780848124662,18.000000106278666
Spherical_Grains,0.3414525462962963,7989.9755859375,5.398117035061097,9.123780848124666,18.000000106278666
Spherical_Grains,0.2837071759259259,2514.694580078125,5.4792364149303,8.334134870815767,16.353529304278123
Spherical_Grains,0.2837071759259259,2514.694580078125,5.4792364149303,8.334134870815765,16.353529304278123
Spherical_Grains,0.2837071759259259,2514.694580078125,5.4792364149303,8.334134870815763,16.353529304278123
Spherical_Grains,0.2837071759259259,2514.694580078125,5.4792364149303,8.334134870815765,16.353529304278123
Spherical_Grains,0.24896064814814814,3122.56103515625,4.853480243460016,6.93469869515561,13.399466542339818
Spherical_Grains,0.24896064814814814,3122.56103515625,4.853480243460016,6.934698695155612,13.399466542339818
Spherical_Grains,0.24896064814814814,3122.56103515625,4.853480243460016,6.934698695155612,13.399466542339818
Spherical_Grains,0.24896064814814814,3122.56103515625,4.853480243460016,6.93469869515561,13.399466542339818
Spherical_Grains,0.3051510416666667,6364.4072265625,5.261293411049269,8.111615278919771,12.754845449239117
Spherical_Grains,0.3051510416666667,6364.40673828125,5.261293411049269,8.111615278919775,12.754845449239117
Spherical_Grains,0.3051510416666667,6364.40673828125,5.261293411049269,8.111615278919771,12.754845449239117
Spherical_Grains,0.3051510416666667,6364.40673828125,5.261293411049269,8.111615278919773,12.754845449239117
Spherical_Grains,0.28593171296296294,3253.44775390625,4.750172094258424,7.719952592694777,12.934116827943688
Spherical_Grains,0.28593171296296294,3253.447509765625,4.750172094258424,7.719952592694776,12.934116827943688
Spherical_Grains,0.28593171296296294,3253.44775390625,4.750172094258424,7.719952592694775,12.934116827943688
Spherical_Grains,0.28593171296296294,3253.44775390625,4.750172094258424,7.719952592694776,12.934116827943688
Spherical_Grains,0.22604745370370372,1307.700927734375,4.489848514021325,7.844109758352055,14.254381292074651
Spherical_Grains,0.22604745370370372,1307.700927734375,4.489848514021325,7.844109758352057,14.254381292074651
Spherical_Grains,0.22604745370370372,1307.700927734375,4.489848514021325,7.844109758352055,14.254381292074651
Spherical_Grains,0.22604745370370372,1307.700927734375,4.489848514021325,7.844109758352057,14.254381292074651
Spherical_Grains,0.20100462962962962,1224.24951171875,4.662026102112253,6.9648876409914475,12.542171144784101
Spherical_Grains,0.20100462962962962,1224.24951171875,4.662026102112253,6.9648876409914475,12.542171144784101
Spherical_Grains,0.20100462962962962,1224.24951171875,4.662026102112253,6.964887640991448,12.542171144784101
Spherical_Grains,0.20100462962962962,1224.24951171875,4.662026102112253,6.964887640991446,12.542171144784101
Spherical_Grains,0.35590798611111113,1774.6055908203125,7.571174662724142,10.79022582812881,18.35680919436775
Spherical_Grains,0.35590798611111113,1774.6055908203125,7.571174662724142,10.790225828128817,18.35680919436775
Spherical_Grains,0.35590798611111113,1774.6055908203125,7.571174662724142,10.790225828128822,18.35680919436775
Spherical_Grains,0.35590798611111113,1774.6055908203125,7.571174662724142,10.790225828128818,18.35680919436775
Spherical_Grains,0.22046006944444443,569.355224609375,4.639735117067294,7.629881999620928,15.107070451545495
Spherical_Grains,0.22046006944444443,569.3553466796875,4.639735117067294,7.629881999620932,15.107070451545495
Spherical_Grains,0.22046006944444443,569.3553466796875,4.639735117067294,7.629881999620931,15.107070451545495
Spherical_Grains,0.22046006944444443,569.3552856445312,4.639735117067294,7.629881999620933,15.107070451545495
Spherical_Grains,0.32536168981481484,8831.544921875,6.182861690028384,9.263349151840513,19.943959021264988
Spherical_Grains,0.32536168981481484,8831.544921875,6.182861690028384,9.263349151840515,19.943959021264988
Spherical_Grains,0.32536168981481484,8831.544921875,6.182861690028384,9.263349151840512,19.943959021264988
Spherical_Grains,0.32536168981481484,8831.544921875,6.182861690028384,9.263349151840513,19.943959021264988
Spherical_Grains,0.17898321759259259,1300.1217041015625,4.730183310239779,7.239038857534887,12.844822164981183
Spherical_Grains,0.17898321759259259,1300.1217041015625,4.730183310239779,7.239038857534886,12.844822164981183
Spherical_Grains,0.17898321759259259,1300.1217041015625,4.730183310239779,7.239038857534889,12.844822164981183
Spherical_Grains,0.17898321759259259,1300.1217041015625,4.730183310239779,7.239038857534889,12.844822164981183
Spherical_Grains,0.35010069444444447,10678.529296875,7.217652584602448,10.44304206635489,19.39072113963306
Spherical_Grains,0.35010069444444447,10678.529296875,7.217652584602448,10.443042066354899,19.39072113963306
Spherical_Grains,0.35010069444444447,10678.529296875,7.217652584602448,10.443042066354899,19.39072113963306
Spherical_Grains,0.35010069444444447,10678.529296875,7.217652584602448,10.443042066354892,19.39072113963306
Spherical_Grains,0.22935069444444445,1094.3294677734375,4.963657813068918,7.813811457147899,15.588457542915263
Spherical_Grains,0.22935069444444445,1094.3294677734375,4.963657813068918,7.813811457147895,15.588457542915263
Spherical_Grains,0.22935069444444445,1094.3294677734375,4.963657813068918,7.8138114571478985,15.588457542915263
Spherical_Grains,0.22935069444444445,1094.32958984375,4.963657813068918,7.813811457147897,15.588457542915263
Spherical_Grains,0.22235185185185186,1584.596923828125,4.598545046310393,7.213458023648123,13.67479306373166
Spherical_Grains,0.22235185185185186,1584.596923828125,4.598545046310393,7.2134580236481245,13.67479306373166
Spherical_Grains,0.22235185185185186,1584.59716796875,4.598545046310393,7.213458023648125,13.67479306373166
Spherical_Grains,0.22235185185185186,1584.596923828125,4.598545046310393,7.213458023648125,13.67479306373166
Spherical_Grains,0.36120833333333335,8183.853515625,5.57974576804427,8.652342770099935,15.652476425463272
Spherical_Grains,0.36120833333333335,8183.853515625,5.57974576804427,8.652342770099931,15.652476425463272
Spherical_Grains,0.36120833333333335,8183.853515625,5.57974576804427,8.652342770099938,15.652476425463272
Spherical_Grains,0.36120833333333335,8183.853515625,5.57974576804427,8.652342770099937,15.652476425463272
Spherical_Grains,0.28723900462962965,1161.307373046875,6.298266366948863,9.828409771151483,16.806304838990258
Spherical_Grains,0.28723900462962965,1161.3074951171875,6.298266366948863,9.828409771151483,16.806304838990258
Spherical_Grains,0.28723900462962965,1161.3074951171875,6.298266366948863,9.828409771151481,16.806304838990258
Spherical_Grains,0.28723900462962965,1161.3074951171875,6.298266366948863,9.828409771151483,16.806304838990258
Spherical_Grains,0.24891956018518518,829.865234375,5.615658700874255,8.501745102336663,19.26135887476452
Spherical_Grains,0.24891956018518518,829.865234375,5.615658700874255,8.501745102336665,19.26135887476452
Spherical_Grains,0.24891956018518518,829.865234375,5.615658700874255,8.501745102336663,19.26135887476452
Spherical_Grains,0.24891956018518518,829.865234375,5.615658700874255,8.501745102336661,19.26135887476452
Spherical_Grains,0.2960023148148148,7440.9580078125,5.2210985899599835,8.57215509232175,15.107070451545495
Spherical_Grains,0.2960023148148148,7440.9580078125,5.2210985899599835,8.572155092321749,15.107070451545495
Spherical_Grains,0.2960023148148148,7440.9580078125,5.2210985899599835,8.57215509232175,15.107070451545495
Spherical_Grains,0.2960023148148148,7440.9580078125,5.2210985899599835,8.572155092321749,15.107070451545495
Spherical_Grains,0.3240011574074074,4357.57421875,6.868285482355257,9.959507713451622,18.000000106278666
Spherical_Grains,0.3240011574074074,4357.57421875,6.868285482355257,9.959507713451625,18.000000106278666
Spherical_Grains,0.3240011574074074,4357.57421875,6.868285482355257,9.959507713451623,18.000000106278666
Spherical_Grains,0.3240011574074074,4357.57421875,6.868285482355257,9.959507713451623,18.000000106278666
Spherical_Grains,0.3925133101851852,4717.01953125,4.712118449658737,7.438926080612809,17.492854138527438
Spherical_Grains,0.3925133101851852,4717.01953125,4.712118449658737,7.438926080612814,17.492854138527438
Spherical_Grains,0.3925133101851852,4717.01953125,4.712118449658737,7.438926080612814,17.492854138527438
Spherical_Grains,0.3925133101851852,4717.01953125,4.712118449658737,7.438926080612812,17.492854138527438
Spherical_Grains,0.41129166666666667,5924.23193359375,5.096325536764033,7.765791292147377,16.30950755823499
Spherical_Grains,0.41129166666666667,5924.23193359375,5.096325536764033,7.765791292147381,16.30950755823499
Spherical_Grains,0.41129166666666667,5924.23193359375,5.096325536764033,7.765791292147378,16.30950755823499
Spherical_Grains,0.41129166666666667,5924.2333984375,5.096325536764033,7.765791292147378,16.30950755823499
Spherical_Grains,0.3663194444444444,8108.552734375,4.8281537041432125,7.572838400605162,14.866069191748569
Spherical_Grains,0.3663194444444444,8108.552734375,4.8281537041432125,7.572838400605162,14.866069191748569
Spherical_Grains,0.3663194444444444,8108.552734375,4.8281537041432125,7.572838400605166,14.866069191748569
Spherical_Grains,0.3663194444444444,8108.552734375,4.8281537041432125,7.572838400605162,14.866069191748569
Spherical_Grains,0.3752372685185185,2565.164306640625,4.7032072507853835,7.0610892712142785,14.212668568899659
Spherical_Grains,0.3752372685185185,2565.164306640625,4.7032072507853835,7.0610892712142785,14.212668568899659
Spherical_Grains,0.3752372685185185,2565.164306640625,4.7032072507853835,7.061089271214281,14.212668568899659
Spherical_Grains,0.3752372685185185,2565.164306640625,4.7032072507853835,7.061089271214278,14.212668568899659
Spherical_Grains,0.38830729166666667,4149.74365234375,4.852374618903588,7.872281033487971,16.353529304278123
Spherical_Grains,0.38830729166666667,4149.7431640625,4.852374618903588,7.872281033487973,16.353529304278123
Spherical_Grains,0.38830729166666667,4149.74365234375,4.852374618903588,7.872281033487972,16.353529304278123
Spherical_Grains,0.38830729166666667,4149.74365234375,4.852374618903588,7.872281033487966,16.353529304278123
Spherical_Grains,0.34814756944444447,5662.87890625,4.568715000740966,7.565913325286257,14.700359827307134
Spherical_Grains,0.34814756944444447,5662.87890625,4.568715000740966,7.565913325286261,14.700359827307134
Spherical_Grains,0.34814756944444447,5662.87890625,4.568715000740966,7.565913325286257,14.700359827307134
Spherical_Grains,0.34814756944444447,5662.87890625,4.568715000740966,7.565913325286261,14.700359827307134
Spherical_Grains,0.35652546296296295,4524.11083984375,4.769958927971692,7.3077851045882625,13.022747561664554
Spherical_Grains,0.35652546296296295,4524.11083984375,4.769958927971692,7.307785104588266,13.022747561664554
Spherical_Grains,0.35652546296296295,4524.1103515625,4.769958927971692,7.3077851045882625,13.022747561664554
Spherical_Grains,0.35652546296296295,4524.11083984375,4.769958927971692,7.307785104588264,13.022747561664554
Spherical_Grains,0.38441435185185185,5961.775390625,4.927858407571451,7.686493085961463,16.806304838990258
Spherical_Grains,0.38441435185185185,5961.775390625,4.927858407571451,7.686493085961462,16.806304838990258
Spherical_Grains,0.38441435185185185,5961.775390625,4.927858407571451,7.686493085961462,16.806304838990258
Spherical_Grains,0.38441435185185185,5961.775390625,4.927858407571451,7.686493085961462,16.806304838990258
Spherical_Grains,0.3852170138888889,4375.97998046875,4.7856317278279645,7.520596588281312,18.000000106278666
Spherical_Grains,0.3852170138888889,4375.97998046875,4.7856317278279645,7.520596588281312,18.000000106278666
Spherical_Grains,0.3852170138888889,4375.97998046875,4.7856317278279645,7.520596588281315,18.000000106278666
Spherical_Grains,0.3852170138888889,4375.97998046875,4.7856317278279645,7.520596588281315,18.000000106278666
Spherical_Grains,0.3514467592592593,3180.483154296875,4.749258167552219,7.811846999187978,17.74823959774642
Spherical_Grains,0.3514467592592593,3180.483642578125,4.749258167552219,7.811846999187977,17.74823959774642
Spherical_Grains,0.3514467592592593,3180.483154296875,4.749258167552219,7.811846999187978,17.74823959774642
Spherical_Grains,0.3514467592592593,3180.483154296875,4.749258167552219,7.811846999187977,17.74823959774642
Spherical_Grains,0.3855318287037037,5224.57177734375,5.751765798800861,7.923813774531798,16.43167780101552
Spherical_Grains,0.3855318287037037,5224.57177734375,5.751765798800861,7.923813774531803,16.43167780101552
Spherical_Grains,0.3855318287037037,5224.57177734375,5.751765798800861,7.9238137745318,16.43167780101552
Spherical_Grains,0.3855318287037037,5224.57177734375,5.751765798800861,7.9238137745318,16.43167780101552
Spherical_Grains,0.442947337962963,9202.5146484375,6.118200867366524,9.394266330519901,18.138358025698693
Spherical_Grains,0.442947337962963,9202.5146484375,6.118200867366524,9.3942663305199,18.138358025698693
Spherical_Grains,0.442947337962963,9202.5146484375,6.118200867366524,9.394266330519905,18.138358025698693
Spherical_Grains,0.442947337962963,9202.5146484375,6.118200867366524,9.394266330519901,18.138358025698693
Spherical_Grains,0.3997366898148148,5746.41015625,5.719273277584857,8.457960090813163,17.54699783291359
Spherical_Grains,0.3997366898148148,5746.41015625,5.719273277584857,8.457960090813163,17.54699783291359
Spherical_Grains,0.3997366898148148,5746.41015625,5.719273277584857,8.457960090813163,17.54699783291359
Spherical_Grains,0.3997366898148148,5746.41015625,5.719273277584857,8.45796009081317,17.54699783291359
Spherical_Grains,0.3890706018518518,9503.4140625,5.5347878756854945,8.265545092101082,16.62680312316026
Spherical_Grains,0.3890706018518518,9503.4140625,5.5347878756854945,8.265545092101082,16.62680312316026
Spherical_Grains,0.3890706018518518,9503.4140625,5.5347878756854945,8.265545092101076,16.62680312316026
Spherical_Grains,0.3890706018518518,9503.4140625,5.5347878756854945,8.265545092101085,16.62680312316026
Spherical_Grains,0.3516684027777778,6598.77001953125,4.999095588288627,7.815917080806331,15.779731644995012
Spherical_Grains,0.3516684027777778,6598.77001953125,4.999095588288627,7.815917080806327,15.779731644995012
Spherical_Grains,0.3516684027777778,6598.77001953125,4.999095588288627,7.815917080806329,15.779731644995012
Spherical_Grains,0.3516684027777778,6598.77001953125,4.999095588288627,7.815917080806327,15.779731644995012
Spherical_Grains,0.37402083333333336,6800.48388671875,5.2210985899599835,7.798638937043241,15.107070451545495
Spherical_Grains,0.37402083333333336,6800.48388671875,5.2210985899599835,7.798638937043241,15.107070451545495
Spherical_Grains,0.37402083333333336,6800.48388671875,5.2210985899599835,7.798638937043241,15.107070451545495
Spherical_Grains,0.37402083333333336,6800.484375,5.2210985899599835,7.798638937043237,15.107070451545495
Spherical_Grains,0.37090104166666665,6683.42626953125,4.993231734087587,7.656201598036389,15.7480146124762
Spherical_Grains,0.37090104166666665,6683.42626953125,4.993231734087587,7.656201598036389,15.7480146124762
Spherical_Grains,0.37090104166666665,6683.42626953125,4.993231734087587,7.656201598036389,15.7480146124762
Spherical_Grains,0.37090104166666665,6683.42626953125,4.993231734087587,7.6562015980363896,15.7480146124762
Spherical_Grains,0.3786869212962963,5575.896484375,5.551116666366744,8.219882619330019,13.847877428421883
Spherical_Grains,0.3786869212962963,5575.896484375,5.551116666366744,8.219882619330022,13.847877428421883
Spherical_Grains,0.3786869212962963,5575.89501953125,5.551116666366744,8.219882619330026,13.847877428421883
Spherical_Grains,0.3786869212962963,5575.896484375,5.551116666366744,8.21988261933002,13.847877428421883
Spherical_Grains,0.3109571759259259,4664.25341796875,4.986677082312244,7.067844362990603,13.076694972014252
Spherical_Grains,0.3109571759259259,4664.25390625,4.986677082312244,7.067844362990603,13.076694972014252
Spherical_Grains,0.3109571759259259,4664.25341796875,4.986677082312244,7.067844362990603,13.076694972014252
Spherical_Grains,0.3109571759259259,4664.25341796875,4.986677082312244,7.067844362990602,13.076694972014252
Spherical_Grains,0.3830266203703704,10064.0048828125,5.558303766247893,8.358382861239184,15.556347799219328
Spherical_Grains,0.3830266203703704,10064.00390625,5.558303766247893,8.35838286123918,15.556347799219328
Spherical_Grains,0.3830266203703704,10064.00390625,5.558303766247893,8.358382861239182,15.556347799219328
Spherical_Grains,0.3830266203703704,10064.0048828125,5.558303766247893,8.35838286123918,15.556347799219328
Spherical_Grains,0.3132390046296296,3080.86328125,5.615658700874255,8.328497607446204,19.26135887476452
Spherical_Grains,0.3132390046296296,3080.86328125,5.615658700874255,8.328497607446202,19.26135887476452
Spherical_Grains,0.3132390046296296,3080.86328125,5.615658700874255,8.328497607446202,19.26135887476452
Spherical_Grains,0.3132390046296296,3080.86328125,5.615658700874255,8.328497607446204,19.26135887476452
Spherical_Grains,0.361521412037037,7200.87646484375,6.3496047662196915,8.990787380740807,14.254381292074651
Spherical_Grains,0.361521412037037,7200.87646484375,6.3496047662196915,8.990787380740809,14.254381292074651
Spherical_Grains,0.361521412037037,7200.8759765625,6.3496047662196915,8.990787380740807,14.254381292074651
Spherical_Grains,0.361521412037037,7200.87646484375,6.3496047662196915,8.990787380740803,14.254381292074651
Spherical_Grains,0.3539803240740741,3221.66064453125,5.784841659826143,8.398026685635868,16.583124520476773
Spherical_Grains,0.3539803240740741,3221.66015625,5.784841659826143,8.398026685635868,16.583124520476773
Spherical_Grains,0.3539803240740741,3221.66064453125,5.784841659826143,8.398026685635871,16.583124520476773
Spherical_Grains,0.3539803240740741,3221.66064453125,5.784841659826143,8.398026685635866,16.583124520476773
Spherical_Grains,0.3528738425925926,8052.15234375,5.881652898031892,8.470837697517123,17.029387430847528
Spherical_Grains,0.3528738425925926,8052.15283203125,5.881652898031892,8.470837697517123,17.029387430847528
Spherical_Grains,0.3528738425925926,8052.15234375,5.881652898031892,8.470837697517123,17.029387430847528
Spherical_Grains,0.3528738425925926,8052.15234375,5.881652898031892,8.470837697517124,17.029387430847528
Spherical_Grains,0.3410127314814815,12022.5966796875,5.740294709728913,8.362965053487864,17.653078595683088
Spherical_Grains,0.3410127314814815,12022.5966796875,5.740294709728913,8.362965053487867,17.653078595683088
Spherical_Grains,0.3410127314814815,12022.5966796875,5.740294709728913,8.362965053487862,17.653078595683088
Spherical_Grains,0.3410127314814815,12022.5966796875,5.740294709728913,8.362965053487864,17.653078595683088
Spherical_Grains,0.26161689814814815,901.0137329101562,4.689578352672482,6.804990346151492,12.664176399359539
Spherical_Grains,0.26161689814814815,901.0137939453125,4.689578352672482,6.804990346151494,12.664176399359539
Spherical_Grains,0.26161689814814815,901.0137329101562,4.689578352672482,6.80499034615149,12.664176399359539
Spherical_Grains,0.26161689814814815,901.0137329101562,4.689578352672482,6.804990346151489,12.664176399359539
Spherical_Grains,0.3817696759259259,6431.89697265625,5.516421290617595,8.392959488123502,16.536256485424907
Spherical_Grains,0.3817696759259259,6431.896484375,5.516421290617595,8.392959488123507,16.536256485424907
Spherical_Grains,0.3817696759259259,6431.89697265625,5.516421290617595,8.392959488123502,16.536256485424907
Spherical_Grains,0.3817696759259259,6431.896484375,5.516421290617595,8.392959488123507,16.536256485424907
Spherical_Grains,0.3745283564814815,6807.36279296875,5.919413537770125,8.731912265993797,15.281312069097885
Spherical_Grains,0.3745283564814815,6807.36279296875,5.919413537770125,8.731912265993795,15.281312069097885
Spherical_Grains,0.3745283564814815,6807.36279296875,5.919413537770125,8.7319122659938,15.281312069097885
Spherical_Grains,0.3745283564814815,6807.36279296875,5.919413537770125,8.731912265993795,15.281312069097885
Spherical_Grains,0.31015335648148146,2762.4921875,5.751765798800861,8.624118137660249,16.43167780101552
Spherical_Grains,0.31015335648148146,2762.4921875,5.751765798800861,8.624118137660249,16.43167780101552
Spherical_Grains,0.31015335648148146,2762.49267578125,5.751765798800861,8.624118137660249,16.43167780101552
Spherical_Grains,0.31015335648148146,2762.4921875,5.751765798800861,8.624118137660249,16.43167780101552
Spherical_Grains,0.3124189814814815,5810.115234375,5.2210985899599835,8.531647575792059,15.107070451545495
Spherical_Grains,0.3124189814814815,5810.115234375,5.2210985899599835,8.531647575792055,15.107070451545495
Spherical_Grains,0.3124189814814815,5810.11572265625,5.2210985899599835,8.531647575792059,15.107070451545495
Spherical_Grains,0.3124189814814815,5810.115234375,5.2210985899599835,8.531647575792057,15.107070451545495
Spherical_Grains,0.3063576388888889,3470.014892578125,5.1074714570931725,7.958413496187692,16.370703390714013
Spherical_Grains,0.3063576388888889,3470.014892578125,5.1074714570931725,7.95841349618769,16.370703390714013
Spherical_Grains,0.3063576388888889,3470.014892578125,5.1074714570931725,7.958413496187694,16.370703390714013
Spherical_Grains,0.3063576388888889,3470.014892578125,5.1074714570931725,7.9584134961876885,16.370703390714013
Spherical_Grains,0.4459675925925926,11400.421875,6.619106223973761,9.517603617727167,17.029387430847528
Spherical_Grains,0.4459675925925926,11400.421875,6.619106223973761,9.517603617727168,17.029387430847528
Spherical_Grains,0.4459675925925926,11400.419921875,6.619106223973761,9.517603617727165,17.029387430847528
Spherical_Grains,0.4459675925925926,11400.419921875,6.619106223973761,9.517603617727167,17.029387430847528
Spherical_Grains,0.4469548611111111,17898.697265625,6.902623765238781,10.087183918223202,19.34142391248166
Spherical_Grains,0.4469548611111111,17898.697265625,6.902623765238781,10.087183918223204,19.34142391248166
Spherical_Grains,0.4469548611111111,17898.6953125,6.902623765238781,10.0871839182232,19.34142391248166
Spherical_Grains,0.4469548611111111,17898.6953125,6.902623765238781,10.0871839182232,19.34142391248166
Spherical_Grains,0.469478587962963,16506.431640625,7.151131534994934,10.559284237972335,23.28089253646835
Spherical_Grains,0.469478587962963,16506.431640625,7.151131534994934,10.559284237972332,23.28089253646835
Spherical_Grains,0.469478587962963,16506.431640625,7.151131534994934,10.559284237972328,23.28089253646835
Spherical_Grains,0.469478587962963,16506.431640625,7.151131534994934,10.559284237972328,23.28089253646835
Spherical_Grains,0.441505787037037,9772.140625,6.898163193372536,10.414954905516602,21.977259851978424
Spherical_Grains,0.441505787037037,9772.140625,6.898163193372536,10.414954905516602,21.977259851978424
Spherical_Grains,0.441505787037037,9772.1416015625,6.898163193372536,10.414954905516602,21.977259851978424
Spherical_Grains,0.441505787037037,9772.1416015625,6.898163193372536,10.414954905516606,21.977259851978424
Spherical_Grains,0.3031880787037037,3072.770751953125,5.656854715833501,8.27628350271888,14.254381292074651
Spherical_Grains,0.3031880787037037,3072.770751953125,5.656854715833501,8.27628350271888,14.254381292074651
Spherical_Grains,0.3031880787037037,3072.770751953125,5.656854715833501,8.276283502718881,14.254381292074651
Spherical_Grains,0.3031880787037037,3072.770751953125,5.656854715833501,8.276283502718881,14.254381292074651
Spherical_Grains,0.3431209490740741,7769.16015625,6.071315703340386,8.864590788779669,17.916472456840896
Spherical_Grains,0.3431209490740741,7769.16015625,6.071315703340386,8.864590788779667,17.916472456840896
Spherical_Grains,0.3431209490740741,7769.16015625,6.071315703340386,8.86459078877967,17.916472456840896
Spherical_Grains,0.3431209490740741,7769.16015625,6.071315703340386,8.86459078877967,17.916472456840896
Spherical_Grains,0.4785966435185185,15590.841796875,6.298266366948863,9.289082030468233,16.806304838990258
Spherical_Grains,0.4785966435185185,15590.841796875,6.298266366948863,9.289082030468235,16.806304838990258
Spherical_Grains,0.4785966435185185,15590.841796875,6.298266366948863,9.289082030468231,16.806304838990258
Spherical_Grains,0.4785966435185185,15590.841796875,6.298266366948863,9.289082030468228,16.806304838990258
Spherical_Grains,0.23809953703703704,1161.6435546875,4.489848514021325,7.499012298743166,14.254381292074651
Spherical_Grains,0.23809953703703704,1161.6435546875,4.489848514021325,7.499012298743163,14.254381292074651
Spherical_Grains,0.23809953703703704,1161.6434326171875,4.489848514021325,7.499012298743168,14.254381292074651
Spherical_Grains,0.23809953703703704,1161.6435546875,4.489848514021325,7.499012298743168,14.254381292074651
Spherical_Grains,0.28762210648148145,3076.44482421875,5.2210985899599835,7.989623734377286,15.107070451545495
Spherical_Grains,0.28762210648148145,3076.4443359375,5.2210985899599835,7.989623734377283,15.107070451545495
Spherical_Grains,0.28762210648148145,3076.4443359375,5.2210985899599835,7.989623734377286,15.107070451545495
Spherical_Grains,0.28762210648148145,3076.4443359375,5.2210985899599835,7.989623734377285,15.107070451545495
Spherical_Grains,0.45192592592592595,8279.103515625,5.18389283877461,7.624729844854456,14.93061645778251
Spherical_Grains,0.45192592592592595,8279.103515625,5.18389283877461,7.624729844854452,14.93061645778251
Spherical_Grains,0.45192592592592595,8279.103515625,5.18389283877461,7.624729844854448,14.93061645778251
Spherical_Grains,0.45192592592592595,8279.103515625,5.18389283877461,7.624729844854454,14.93061645778251
Spherical_Grains,0.4430005787037037,9282.4345703125,5.309403425753976,7.553119534781474,12.934116827943688
Spherical_Grains,0.4430005787037037,9282.4345703125,5.309403425753976,7.553119534781476,12.934116827943688
Spherical_Grains,0.4430005787037037,9282.4345703125,5.309403425753976,7.553119534781472,12.934116827943688
Spherical_Grains,0.4430005787037037,9282.4345703125,5.309403425753976,7.553119534781476,12.934116827943688
Spherical_Grains,0.45027199074074076,7033.92236328125,5.522157915481326,7.699597672478278,15.394802261840416
Spherical_Grains,0.45027199074074076,7033.921875,5.522157915481326,7.6995976724782755,15.394802261840416
Spherical_Grains,0.45027199074074076,7033.92236328125,5.522157915481326,7.699597672478283,15.394802261840416
Spherical_Grains,0.45027199074074076,7033.921875,5.522157915481326,7.69959767247828,15.394802261840416
Spherical_Grains,0.4692019675925926,10329.015625,4.95170767246121,7.727157169168747,13.847877428421883
Spherical_Grains,0.4692019675925926,10329.015625,4.95170767246121,7.727157169168742,13.847877428421883
Spherical_Grains,0.4692019675925926,10329.015625,4.95170767246121,7.7271571691687395,13.847877428421883
Spherical_Grains,0.4692019675925926,10329.015625,4.95170767246121,7.727157169168745,13.847877428421883
Spherical_Grains,0.4224976851851852,5386.87890625,4.662026102112253,6.918327789856053,12.542171144784101
Spherical_Grains,0.4224976851851852,5386.87841796875,4.662026102112253,6.918327789856054,12.542171144784101
Spherical_Grains,0.4224976851851852,5386.87890625,4.662026102112253,6.918327789856051,12.542171144784101
Spherical_Grains,0.4224976851851852,5386.87890625,4.662026102112253,6.918327789856053,12.542171144784101
Spherical_Grains,0.4420445601851852,7880.80859375,5.062525229081429,7.604889108848966,16.124513844423173
Spherical_Grains,0.4420445601851852,7880.8095703125,5.062525229081429,7.604889108848966,16.124513844423173
Spherical_Grains,0.4420445601851852,7880.8095703125,5.062525229081429,7.604889108848966,16.124513844423173
Spherical_Grains,0.4420445601851852,7880.81005859375,5.062525229081429,7.60488910884897,16.124513844423173
Spherical_Grains,0.471474537037037,7792.451171875,5.323998237603013,7.410264827915433,17.578396747600692
Spherical_Grains,0.471474537037037,7792.451171875,5.323998237603013,7.410264827915435,17.578396747600692
Spherical_Grains,0.471474537037037,7792.44921875,5.323998237603013,7.4102648279154355,17.578396747600692
Spherical_Grains,0.471474537037037,7792.44921875,5.323998237603013,7.410264827915434,17.578396747600692
Spherical_Grains,0.4807575231481481,8662.6064453125,5.2854691317261535,7.271029488437661,12.844822164981183
Spherical_Grains,0.4807575231481481,8662.6064453125,5.2854691317261535,7.271029488437664,12.844822164981183
Spherical_Grains,0.4807575231481481,8662.607421875,5.2854691317261535,7.271029488437665,12.844822164981183
Spherical_Grains,0.4807575231481481,8662.607421875,5.2854691317261535,7.271029488437668,12.844822164981183
Spherical_Grains,0.40634606481481483,6026.12646484375,4.669906556502888,7.561047355297134,15.281312069097885
Spherical_Grains,0.40634606481481483,6026.12646484375,4.669906556502888,7.561047355297135,15.281312069097885
Spherical_Grains,0.40634606481481483,6026.12646484375,4.669906556502888,7.561047355297137,15.281312069097885
Spherical_Grains,0.40634606481481483,6026.12646484375,4.669906556502888,7.5610473552971404,15.281312069097885
Spherical_Grains,0.46999537037037037,7333.26025390625,5.608054922500381,8.05152803485179,15.779731644995012
Spherical_Grains,0.46999537037037037,7333.2607421875,5.608054922500381,8.05152803485179,15.779731644995012
Spherical_Grains,0.46999537037037037,7333.26025390625,5.608054922500381,8.05152803485179,15.779731644995012
Spherical_Grains,0.46999537037037037,7333.26025390625,5.608054922500381,8.051528034851785,15.779731644995012
Spherical_Grains,0.4608628472222222,11519.5087890625,5.580067600953307,8.188679104177046,16.850856124634657
Spherical_Grains,0.4608628472222222,11519.5087890625,5.580067600953307,8.188679104177046,16.850856124634657
Spherical_Grains,0.4608628472222222,11519.5087890625,5.580067600953307,8.188679104177046,16.850856124634657
Spherical_Grains,0.4608628472222222,11519.5087890625,5.580067600953307,8.188679104177043,16.850856124634657
Spherical_Grains,0.46342071759259257,14333.5244140625,5.771661427429555,8.562198065097023,14.700359827307134
Spherical_Grains,0.46342071759259257,14333.5244140625,5.771661427429555,8.562198065097022,14.700359827307134
Spherical_Grains,0.46342071759259257,14333.5244140625,5.771661427429555,8.562198065097023,14.700359827307134
Spherical_Grains,0.46342071759259257,14333.5244140625,5.771661427429555,8.562198065097018,14.700359827307134
Spherical_Grains,0.4770636574074074,11612.935546875,6.118200867366524,8.686580122542711,18.138358025698693
Spherical_Grains,0.4770636574074074,11612.935546875,6.118200867366524,8.68658012254271,18.138358025698693
Spherical_Grains,0.4770636574074074,11612.935546875,6.118200867366524,8.686580122542706,18.138358025698693
Spherical_Grains,0.4770636574074074,11612.935546875,6.118200867366524,8.686580122542706,18.138358025698693
Spherical_Grains,0.4169554398148148,6400.91845703125,5.257671356283565,7.696953860734092,15.281312069097885
Spherical_Grains,0.4169554398148148,6400.91845703125,5.257671356283565,7.696953860734091,15.281312069097885
Spherical_Grains,0.4169554398148148,6400.91845703125,5.257671356283565,7.696953860734088,15.281312069097885
Spherical_Grains,0.4169554398148148,6400.91845703125,5.257671356283565,7.696953860734089,15.281312069097885
Spherical_Grains,0.4959861111111111,14163.86328125,6.298266366948863,9.447197287558495,16.806304838990258
Spherical_Grains,0.4959861111111111,14163.86328125,6.298266366948863,9.447197287558492,16.806304838990258
Spherical_Grains,0.4959861111111111,14163.86328125,6.298266366948863,9.447197287558492,16.806304838990258
Spherical_Grains,0.4959861111111111,14163.86328125,6.298266366948863,9.447197287558499,16.806304838990258
Spherical_Grains,0.4907361111111111,13155.087890625,5.804489218823001,8.298778000495894,16.673332624338627
Spherical_Grains,0.4907361111111111,13155.087890625,5.804489218823001,8.298778000495892,16.673332624338627
Spherical_Grains,0.4907361111111111,13155.087890625,5.804489218823001,8.298778000495892,16.673332624338627
Spherical_Grains,0.4907361111111111,13155.087890625,5.804489218823001,8.298778000495894,16.673332624338627
Spherical_Grains,0.4421174768518519,8063.44091796875,5.773544562342338,8.24426465187043,20.199007854739015
Spherical_Grains,0.4421174768518519,8063.44091796875,5.773544562342338,8.24426465187043,20.199007854739015
Spherical_Grains,0.4421174768518519,8063.44091796875,5.773544562342338,8.244264651870425,20.199007854739015
Spherical_Grains,0.4421174768518519,8063.44091796875,5.773544562342338,8.244264651870429,20.199007854739015
Spherical_Grains,0.4827042824074074,12104.0048828125,6.7425942133691485,9.363075469868074,18.658129485507295
Spherical_Grains,0.4827042824074074,12104.0048828125,6.7425942133691485,9.363075469868074,18.658129485507295
Spherical_Grains,0.4827042824074074,12104.0048828125,6.7425942133691485,9.363075469868074,18.658129485507295
Spherical_Grains,0.4827042824074074,12104.005859375,6.7425942133691485,9.363075469868074,18.658129485507295
Spherical_Grains,0.43509375,7275.5048828125,5.849773454460489,7.955108678352315,15.006515897782995
Spherical_Grains,0.43509375,7275.5048828125,5.849773454460489,7.955108678352305,15.006515897782995
Spherical_Grains,0.43509375,7275.5048828125,5.849773454460489,7.955108678352312,15.006515897782995
Spherical_Grains,0.43509375,7275.5048828125,5.849773454460489,7.955108678352306,15.006515897782995
Spherical_Grains,0.4789670138888889,15967.2578125,5.919413537770125,8.6486857883749,15.281312069097885
Spherical_Grains,0.4789670138888889,15967.2578125,5.919413537770125,8.648685788374898,15.281312069097885
Spherical_Grains,0.4789670138888889,15967.2578125,5.919413537770125,8.648685788374898,15.281312069097885
Spherical_Grains,0.4789670138888889,15967.2578125,5.919413537770125,8.648685788374904,15.281312069097885
Spherical_Grains,0.4169670138888889,9669.1240234375,5.611240105366711,8.775936042820293,17.005785090340932
Spherical_Grains,0.4169670138888889,9669.1240234375,5.611240105366711,8.775936042820293,17.005785090340932
Spherical_Grains,0.4169670138888889,9669.1240234375,5.611240105366711,8.775936042820295,17.005785090340932
Spherical_Grains,0.4169670138888889,9669.1240234375,5.611240105366711,8.775936042820295,17.005785090340932
Spherical_Grains,0.4451099537037037,13324.9443359375,5.348982125303656,9.093202395681322,17.720045094955278
Spherical_Grains,0.4451099537037037,13324.9443359375,5.348982125303656,9.093202395681319,17.720045094955278
Spherical_Grains,0.4451099537037037,13324.9453125,5.348982125303656,9.09320239568132,17.720045094955278
Spherical_Grains,0.4451099537037037,13324.9443359375,5.348982125303656,9.093202395681324,17.720045094955278
Spherical_Grains,0.46840162037037036,14900.849609375,6.37890633888349,9.221997739020342,19.39072113963306
Spherical_Grains,0.46840162037037036,14900.849609375,6.37890633888349,9.221997739020335,19.39072113963306
Spherical_Grains,0.46840162037037036,14900.849609375,6.37890633888349,9.22199773902034,19.39072113963306
Spherical_Grains,0.46840162037037036,14900.849609375,6.37890633888349,9.22199773902034,19.39072113963306
Spherical_Grains,0.4936533564814815,14756.015625,6.627832518665332,10.278806987986764,20.61552698012249
Spherical_Grains,0.4936533564814815,14756.015625,6.627832518665332,10.278806987986764,20.61552698012249
Spherical_Grains,0.4936533564814815,14756.0146484375,6.627832518665332,10.278806987986766,20.61552698012249
Spherical_Grains,0.4936533564814815,14756.015625,6.627832518665332,10.278806987986766,20.61552698012249
Spherical_Grains,0.3807141203703704,4558.39306640625,5.348982125303656,8.424853414681321,17.720045094955278
Spherical_Grains,0.3807141203703704,4558.39306640625,5.348982125303656,8.424853414681317,17.720045094955278
Spherical_Grains,0.3807141203703704,4558.39306640625,5.348982125303656,8.424853414681321,17.720045094955278
Spherical_Grains,0.3807141203703704,4558.39306640625,5.348982125303656,8.424853414681323,17.720045094955278
Spherical_Grains,0.4468767361111111,7829.22314453125,6.538302701975839,10.786181553815483,21.86213329922846
Spherical_Grains,0.4468767361111111,7829.22314453125,6.538302701975839,10.786181553815481,21.86213329922846
Spherical_Grains,0.4468767361111111,7829.22314453125,6.538302701975839,10.786181553815481,21.86213329922846
Spherical_Grains,0.4468767361111111,7829.22314453125,6.538302701975839,10.786181553815478,21.86213329922846
Spherical_Grains,0.4303130787037037,12103.900390625,6.144124345047039,9.157309895228636,19.7390904413016
Spherical_Grains,0.4303130787037037,12103.900390625,6.144124345047039,9.157309895228636,19.7390904413016
Spherical_Grains,0.4303130787037037,12103.900390625,6.144124345047039,9.157309895228632,19.7390904413016
Spherical_Grains,0.4303130787037037,12103.900390625,6.144124345047039,9.15730989522863,19.7390904413016
Spherical_Grains,0.4554872685185185,10142.9287109375,7.331036681750486,9.958133170898085,19.8494322322901
Spherical_Grains,0.4554872685185185,10142.9287109375,7.331036681750486,9.958133170898082,19.8494322322901
Spherical_Grains,0.4554872685185185,10142.9296875,7.331036681750486,9.958133170898083,19.8494322322901
Spherical_Grains,0.4554872685185185,10142.9287109375,7.331036681750486,9.958133170898085,19.8494322322901
Spherical_Grains,0.41498553240740743,5822.97900390625,6.671378195005414,9.525840921010387,18.35680919436775
Spherical_Grains,0.41498553240740743,5822.97900390625,6.671378195005414,9.525840921010387,18.35680919436775
Spherical_Grains,0.41498553240740743,5822.97900390625,6.671378195005414,9.52584092101039,18.35680919436775
Spherical_Grains,0.41498553240740743,5822.97900390625,6.671378195005414,9.52584092101039,18.35680919436775
Spherical_Grains,0.4242679398148148,8049.123046875,6.911523920988301,9.853217664096038,22.04540616793228
Spherical_Grains,0.4242679398148148,8049.123046875,6.911523920988301,9.853217664096036,22.04540616793228
Spherical_Grains,0.4242679398148148,8049.123046875,6.911523920988301,9.853217664096036,22.04540616793228
Spherical_Grains,0.4242679398148148,8049.123046875,6.911523920988301,9.853217664096038,22.04540616793228
Spherical_Grains,0.4655920138888889,13120.1630859375,7.781058421842727,10.331988845599478,18.110771637517
Spherical_Grains,0.4655920138888889,13120.1640625,7.781058421842727,10.331988845599474,18.110771637517
Spherical_Grains,0.4655920138888889,13120.1640625,7.781058421842727,10.33198884559948,18.110771637517
Spherical_Grains,0.4655920138888889,13120.1630859375,7.781058421842727,10.331988845599472,18.110771637517
Spherical_Grains,0.3929519675925926,7709.59912109375,6.7048186066461914,9.140650601474436,20.99999796198515
Spherical_Grains,0.3929519675925926,7709.59912109375,6.7048186066461914,9.140650601474439,20.99999796198515
Spherical_Grains,0.3929519675925926,7709.59912109375,6.7048186066461914,9.140650601474437,20.99999796198515
Spherical_Grains,0.3929519675925926,7709.59912109375,6.7048186066461914,9.140650601474434,20.99999796198515
Spherical_Grains,0.46455729166666665,17287.443359375,7.120367766757807,9.965250610946436,16.806304838990258
Spherical_Grains,0.46455729166666665,17287.443359375,7.120367766757807,9.965250610946441,16.806304838990258
Spherical_Grains,0.46455729166666665,17287.443359375,7.120367766757807,9.965250610946438,16.806304838990258
Spherical_Grains,0.46455729166666665,17287.443359375,7.120367766757807,9.965250610946436,16.806304838990258
Spherical_Grains,0.4802534722222222,15986.3310546875,6.368283686385689,9.670629466958177,17.093631962782727
Spherical_Grains,0.4802534722222222,15986.3310546875,6.368283686385689,9.670629466958177,17.093631962782727
Spherical_Grains,0.4802534722222222,15986.3310546875,6.368283686385689,9.67062946695817,17.093631962782727
Spherical_Grains,0.4802534722222222,15986.328125,6.368283686385689,9.670629466958172,17.093631962782727
Spherical_Grains,0.4395457175925926,10644.7431640625,6.292808940358198,9.58798179742903,16.783980669217996
Spherical_Grains,0.4395457175925926,10644.7431640625,6.292808940358198,9.587981797429038,16.783980669217996
Spherical_Grains,0.4395457175925926,10644.7431640625,6.292808940358198,9.587981797429029,16.783980669217996
Spherical_Grains,0.4395457175925926,10644.7431640625,6.292808940358198,9.587981797429029,16.783980669217996
Spherical_Grains,0.49688368055555554,20399.537109375,7.708031651181863,11.391119092872486,26.24880780129818
Spherical_Grains,0.49688368055555554,20399.537109375,7.708031651181863,11.39111909287249,26.24880780129818
Spherical_Grains,0.49688368055555554,20399.537109375,7.708031651181863,11.391119092872488,26.24880780129818
Spherical_Grains,0.49688368055555554,20399.537109375,7.708031651181863,11.391119092872492,26.24880780129818
Spherical_Grains,0.4431805555555556,14841.935546875,6.986368254327698,9.717034571697445,16.353529304278123
Spherical_Grains,0.4431805555555556,14841.935546875,6.986368254327698,9.717034571697445,16.353529304278123
Spherical_Grains,0.4431805555555556,14841.935546875,6.986368254327698,9.717034571697448,16.353529304278123
Spherical_Grains,0.4431805555555556,14841.935546875,6.986368254327698,9.717034571697441,16.353529304278123
Spherical_Grains,0.48079918981481484,18527.05078125,7.661772448339955,10.438071983246697,17.720045094955278
Spherical_Grains,0.48079918981481484,18527.05078125,7.661772448339955,10.438071983246697,17.720045094955278
Spherical_Grains,0.48079918981481484,18527.05078125,7.661772448339955,10.438071983246694,17.720045094955278
Spherical_Grains,0.48079918981481484,18527.05078125,7.661772448339955,10.43807198324669,17.720045094955278
Spherical_Grains,0.4183454861111111,7246.3203125,5.982914663955747,9.304928754835876,18.895429006183026
Spherical_Grains,0.4183454861111111,7246.3203125,5.982914663955747,9.304928754835872,18.895429006183026
Spherical_Grains,0.4183454861111111,7246.3212890625,5.982914663955747,9.304928754835876,18.895429006183026
Spherical_Grains,0.4183454861111111,7246.3212890625,5.982914663955747,9.304928754835874,18.895429006183026
Spherical_Grains,0.5387256944444444,34420.0703125,8.641158487062068,11.837795022899106,20.99999796198515
Spherical_Grains,0.5387256944444444,34420.0703125,8.641158487062068,11.837795022899106,20.99999796198515
Spherical_Grains,0.5387256944444444,34420.0703125,8.641158487062068,11.837795022899105,20.99999796198515
Spherical_Grains,0.5387256944444444,34420.0703125,8.641158487062068,11.837795022899108,20.99999796198515
Cylindrical_Pores,0.2962800925925926,5302.037109375,13.057020047217389,12.360984605085642,16.492422083876153
Cylindrical_Pores,0.2962800925925926,5302.0361328125,13.057020047217389,12.360984605085644,16.492422083876153
Cylindrical_Pores,0.2962800925925926,5302.0361328125,13.057020047217389,12.360984605085637,16.492422083876153
Cylindrical_Pores,0.2962800925925926,5302.0361328125,13.057020047217389,12.360984605085644,16.492422083876153
Cylindrical_Pores,0.29696180555555557,10048.462890625,12.767202336285598,12.730185739558086,16.09347758577606
Cylindrical_Pores,0.29696180555555557,10048.4619140625,12.767202336285598,12.73018573955809,16.09347758577606
Cylindrical_Pores,0.29696180555555557,10048.462890625,12.767202336285598,12.73018573955809,16.09347758577606
Cylindrical_Pores,0.29696180555555557,10048.4619140625,12.767202336285598,12.730185739558083,16.09347758577606
Cylindrical_Pores,0.29988368055555553,3988.43896484375,13.625674148072376,12.635518626774342,15.26433580887513
Cylindrical_Pores,0.29988368055555553,3988.43896484375,13.625674148072376,12.635518626774344,15.26433580887513
Cylindrical_Pores,0.29988368055555553,3988.43896484375,13.625674148072376,12.635518626774346,15.26433580887513
Cylindrical_Pores,0.29988368055555553,3988.43896484375,13.625674148072376,12.635518626774346,15.26433580887513
Cylindrical_Pores,0.31646412037037036,5327.91796875,11.94810822747718,12.946708296234922,17.029387430847528
Cylindrical_Pores,0.31646412037037036,5327.91796875,11.94810822747718,12.946708296234924,17.029387430847528
Cylindrical_Pores,0.31646412037037036,5327.91796875,11.94810822747718,12.946708296234924,17.029387430847528
Cylindrical_Pores,0.31646412037037036,5327.91796875,11.94810822747718,12.946708296234922,17.029387430847528
Cylindrical_Pores,0.2946637731481481,4431.40966796875,10.87195417165547,12.793947844408049,17.521413367085717
Cylindrical_Pores,0.2946637731481481,4431.4091796875,10.87195417165547,12.793947844408047,17.521413367085717
Cylindrical_Pores,0.2946637731481481,4431.4091796875,10.87195417165547,12.793947844408056,17.521413367085717
Cylindrical_Pores,0.2946637731481481,4431.4091796875,10.87195417165547,12.79394784440805,17.521413367085717
Cylindrical_Pores,0.29097106481481483,9960.1591796875,10.97456594076929,12.966808395105183,17.720045094955278
Cylindrical_Pores,0.29097106481481483,9960.16015625,10.97456594076929,12.966808395105184,17.720045094955278
Cylindrical_Pores,0.29097106481481483,9960.16015625,10.97456594076929,12.966808395105188,17.720045094955278
Cylindrical_Pores,0.29097106481481483,9960.1591796875,10.97456594076929,12.966808395105184,17.720045094955278
Cylindrical_Pores,0.300734375,313.1348571777344,10.72297172341977,12.069845281062673,17.233686679432015
Cylindrical_Pores,0.300734375,313.1348571777344,10.72297172341977,12.06984528106267,17.233686679432015
Cylindrical_Pores,0.300734375,313.1348876953125,10.72297172341977,12.069845281062676,17.233686679432015
Cylindrical_Pores,0.300734375,313.1348571777344,10.72297172341977,12.069845281062669,17.233686679432015
Cylindrical_Pores,0.29686805555555557,4669.455078125,12.161944949887136,12.837924967317994,17.378147002013918
Cylindrical_Pores,0.29686805555555557,4669.455078125,12.161944949887136,12.837924967318,17.378147002013918
Cylindrical_Pores,0.29686805555555557,4669.455078125,12.161944949887136,12.83792496731799,17.378147002013918
Cylindrical_Pores,0.29686805555555557,4669.455078125,12.161944949887136,12.83792496731799,17.378147002013918
Cylindrical_Pores,0.3875590277777778,8935.9345703125,13.822472053217242,13.281644536490637,17.54992769368888
Cylindrical_Pores,0.3875590277777778,8935.9345703125,13.822472053217242,13.281644536490633,17.54992769368888
Cylindrical_Pores,0.3875590277777778,8935.9345703125,13.822472053217242,13.281644536490633,17.54992769368888
Cylindrical_Pores,0.3875590277777778,8935.9345703125,13.822472053217242,13.281644536490628,17.54992769368888
Cylindrical_Pores,0.2937494212962963,5061.47314453125,12.92391631306347,12.633002945511908,18.627935614267468
Cylindrical_Pores,0.2937494212962963,5061.47314453125,12.92391631306347,12.633002945511908,18.627935614267468
Cylindrical_Pores,0.2937494212962963,5061.47314453125,12.92391631306347,12.63300294551191,18.627935614267468
Cylindrical_Pores,0.2937494212962963,5061.47314453125,12.92391631306347,12.633002945511906,18.627935614267468
Cylindrical_Pores,0.30190104166666665,16374.400390625,14.482574672147019,14.348255680290347,16.353529304278123
Cylindrical_Pores,0.30190104166666665,16374.400390625,14.482574672147019,14.348255680290343,16.353529304278123
Cylindrical_Pores,0.30190104166666665,16374.400390625,14.482574672147019,14.34825568029035,16.353529304278123
Cylindrical_Pores,0.30190104166666665,16374.400390625,14.482574672147019,14.34825568029034,16.353529304278123
Cylindrical_Pores,0.3309768518518518,14282.791015625,14.147068792411991,14.365033790251442,18.000000106278666
Cylindrical_Pores,0.3309768518518518,14282.7900390625,14.147068792411991,14.36503379025144,18.000000106278666
Cylindrical_Pores,0.3309768518518518,14282.791015625,14.147068792411991,14.36503379025144,18.000000106278666
Cylindrical_Pores,0.3309768518518518,14282.791015625,14.147068792411991,14.36503379025144,18.000000106278666
Cylindrical_Pores,0.3024484953703704,6839.974609375,14.579519391236733,14.094135649761164,18.601075046419144
Cylindrical_Pores,0.3024484953703704,6839.974609375,14.579519391236733,14.094135649761155,18.601075046419144
Cylindrical_Pores,0.3024484953703704,6839.9755859375,14.579519391236733,14.094135649761162,18.601075046419144
Cylindrical_Pores,0.3024484953703704,6839.974609375,14.579519391236733,14.094135649761164,18.601075046419144
Cylindrical_Pores,0.31299074074074074,20500.267578125,15.623467991199426,14.90435861954369,17.6068153253043
Cylindrical_Pores,0.31299074074074074,20500.267578125,15.623467991199426,14.9043586195437,17.6068153253043
Cylindrical_Pores,0.31299074074074074,20500.267578125,15.623467991199426,14.904358619543693,17.6068153253043
Cylindrical_Pores,0.31299074074074074,20500.267578125,15.623467991199426,14.904358619543693,17.6068153253043
Cylindrical_Pores,0.29720543981481484,3328.1181640625,14.443581383100188,13.72214382772831,16.30750002841325
Cylindrical_Pores,0.29720543981481484,3328.1181640625,14.443581383100188,13.72214382772831,16.30750002841325
Cylindrical_Pores,0.29720543981481484,3328.1181640625,14.443581383100188,13.722143827728308,16.30750002841325
Cylindrical_Pores,0.29720543981481484,3328.1181640625,14.443581383100188,13.722143827728305,16.30750002841325
Cylindrical_Pores,0.330384837962963,16325.7197265625,13.424915098295918,14.081140478470946,15.107070451545495
Cylindrical_Pores,0.330384837962963,16325.71875,13.424915098295918,14.081140478470951,15.107070451545495
Cylindrical_Pores,0.330384837962963,16325.71875,13.424915098295918,14.081140478470951,15.107070451545495
Cylindrical_Pores,0.330384837962963,16325.7197265625,13.424915098295918,14.081140478470951,15.107070451545495
Cylindrical_Pores,0.29207175925925927,2957.55810546875,12.709810915595446,13.119716290257909,18.27566738046485
Cylindrical_Pores,0.29207175925925927,2957.55810546875,12.709810915595446,13.11971629025791,18.27566738046485
Cylindrical_Pores,0.29207175925925927,2957.55810546875,12.709810915595446,13.119716290257903,18.27566738046485
Cylindrical_Pores,0.29207175925925927,2957.55859375,12.709810915595446,13.119716290257903,18.27566738046485
Cylindrical_Pores,0.3105908564814815,2794.072265625,12.21465501407193,13.800188433531186,15.502213050223787
Cylindrical_Pores,0.3105908564814815,2794.072021484375,12.21465501407193,13.80018843353119,15.502213050223787
Cylindrical_Pores,0.3105908564814815,2794.072021484375,12.21465501407193,13.800188433531188,15.502213050223787
Cylindrical_Pores,0.3105908564814815,2794.072265625,12.21465501407193,13.80018843353119,15.502213050223787
Cylindrical_Pores,0.3141689814814815,10686.33984375,13.698400022647027,14.129316715794587,17.378147002013918
Cylindrical_Pores,0.3141689814814815,10686.3388671875,13.698400022647027,14.129316715794593,17.378147002013918
Cylindrical_Pores,0.3141689814814815,10686.33984375,13.698400022647027,14.129316715794591,17.378147002013918
Cylindrical_Pores,0.3141689814814815,10686.33984375,13.698400022647027,14.129316715794586,17.378147002013918
Cylindrical_Pores,0.29828356481481483,3266.685302734375,12.659739972745568,13.66774264222701,16.121951941266968
Cylindrical_Pores,0.29828356481481483,3266.685302734375,12.659739972745568,13.667742642227001,16.121951941266968
Cylindrical_Pores,0.29828356481481483,3266.685302734375,12.659739972745568,13.667742642227013,16.121951941266968
Cylindrical_Pores,0.29828356481481483,3266.685302734375,12.659739972745568,13.66774264222701,16.121951941266968
Cylindrical_Pores,0.30118344907407407,12938.4931640625,16.089513375791043,15.61613875447253,20.712314321911915
Cylindrical_Pores,0.30118344907407407,12938.4931640625,16.089513375791043,15.616138754472534,20.712314321911915
Cylindrical_Pores,0.30118344907407407,12938.4931640625,16.089513375791043,15.616138754472528,20.712314321911915
Cylindrical_Pores,0.30118344907407407,12938.4931640625,16.089513375791043,15.616138754472532,20.712314321911915
Cylindrical_Pores,0.29192881944444443,2315.231689453125,12.693148429788875,14.222291860021146,18.24828789958463
Cylindrical_Pores,0.29192881944444443,2315.231689453125,12.693148429788875,14.222291860021144,18.24828789958463
Cylindrical_Pores,0.29192881944444443,2315.231689453125,12.693148429788875,14.222291860021148,18.24828789958463
Cylindrical_Pores,0.29192881944444443,2315.231689453125,12.693148429788875,14.222291860021146,18.24828789958463
Cylindrical_Pores,0.30416377314814813,2562.45263671875,16.445828265202117,15.993069965943665,21.21320425441067
Cylindrical_Pores,0.30416377314814813,2562.45263671875,16.445828265202117,15.993069965943665,21.21320425441067
Cylindrical_Pores,0.30416377314814813,2562.45263671875,16.445828265202117,15.993069965943658,21.21320425441067
Cylindrical_Pores,0.30416377314814813,2562.45263671875,16.445828265202117,15.993069965943661,21.21320425441067
Cylindrical_Pores,0.3082957175925926,3312.93359375,13.149505876034874,14.995791624457876,16.806304838990258
Cylindrical_Pores,0.3082957175925926,3312.93359375,13.149505876034874,14.995791624457876,16.806304838990258
Cylindrical_Pores,0.3082957175925926,3312.93359375,13.149505876034874,14.99579162445788,16.806304838990258
Cylindrical_Pores,0.3082957175925926,3312.93359375,13.149505876034874,14.995791624457874,16.806304838990258
Cylindrical_Pores,0.29602662037037036,3227.9970703125,14.352972277228265,15.017589629885657,20.99999796198515
Cylindrical_Pores,0.29602662037037036,3227.996826171875,14.352972277228265,15.017589629885657,20.99999796198515
Cylindrical_Pores,0.29602662037037036,3227.996826171875,14.352972277228265,15.017589629885654,20.99999796198515
Cylindrical_Pores,0.29602662037037036,3227.996826171875,14.352972277228265,15.017589629885661,20.99999796198515
Cylindrical_Pores,0.3229994212962963,10843.6494140625,12.865636053978385,15.774418550666383,25.199206011011132
Cylindrical_Pores,0.3229994212962963,10843.6494140625,12.865636053978385,15.774418550666384,25.199206011011132
Cylindrical_Pores,0.3229994212962963,10843.6494140625,12.865636053978385,15.774418550666383,25.199206011011132
Cylindrical_Pores,0.3229994212962963,10843.6494140625,12.865636053978385,15.774418550666383,25.199206011011132
Cylindrical_Pores,0.37045370370370373,17128.025390625,14.522551682991285,15.342471027715057,21.283794824634345
Cylindrical_Pores,0.37045370370370373,17128.025390625,14.522551682991285,15.342471027715055,21.283794824634345
Cylindrical_Pores,0.37045370370370373,17128.025390625,14.522551682991285,15.342471027715051,21.283794824634345
Cylindrical_Pores,0.37045370370370373,17128.025390625,14.522551682991285,15.342471027715057,21.283794824634345
Cylindrical_Pores,0.30863368055555557,2084.984130859375,15.034620929973574,15.227909601100153,17.005785090340932
Cylindrical_Pores,0.30863368055555557,2084.984375,15.034620929973574,15.227909601100144,17.005785090340932
Cylindrical_Pores,0.30863368055555557,2084.984130859375,15.034620929973574,15.227909601100148,17.005785090340932
Cylindrical_Pores,0.30863368055555557,2084.984130859375,15.034620929973574,15.227909601100148,17.005785090340932
Cylindrical_Pores,0.3008194444444444,1713.6285400390625,11.738005904416092,14.125859301048331,19.209372945953984
Cylindrical_Pores,0.3008194444444444,1713.6285400390625,11.738005904416092,14.125859301048328,19.209372945953984
Cylindrical_Pores,0.3008194444444444,1713.6285400390625,11.738005904416092,14.12585930104833,19.209372945953984
Cylindrical_Pores,0.3008194444444444,1713.6285400390625,11.738005904416092,14.125859301048328,19.209372945953984
Cylindrical_Pores,0.2998148148148148,9760.5537109375,14.846998600154162,15.122540488852687,16.783980669217996
Cylindrical_Pores,0.2998148148148148,9760.5517578125,14.846998600154162,15.12254048885269,16.783980669217996
Cylindrical_Pores,0.2998148148148148,9760.5517578125,14.846998600154162,15.122540488852687,16.783980669217996
Cylindrical_Pores,0.2998148148148148,9760.5517578125,14.846998600154162,15.122540488852685,16.783980669217996
Cylindrical_Pores,0.4140202546296296,11365.6748046875,13.100936698724531,12.790054500850701,16.552945645130883
Cylindrical_Pores,0.4140202546296296,11365.6748046875,13.100936698724531,12.790054500850703,16.552945645130883
Cylindrical_Pores,0.4140202546296296,11365.6748046875,13.100936698724531,12.790054500850697,16.552945645130883
Cylindrical_Pores,0.4140202546296296,11365.6748046875,13.100936698724531,12.790054500850696,16.552945645130883
Cylindrical_Pores,0.3895075231481481,13394.1240234375,12.558822596837107,12.34249985266969,18.027754256981286
Cylindrical_Pores,0.3895075231481481,13394.1240234375,12.558822596837107,12.34249985266969,18.027754256981286
Cylindrical_Pores,0.3895075231481481,13394.1240234375,12.558822596837107,12.342499852669695,18.027754256981286
Cylindrical_Pores,0.3895075231481481,13394.1240234375,12.558822596837107,12.342499852669688,18.027754256981286
Cylindrical_Pores,0.40386921296296296,10646.25,13.724270811856654,13.486172148309,23.17326003011148
Cylindrical_Pores,0.40386921296296296,10646.251953125,13.724270811856654,13.486172148308997,23.17326003011148
Cylindrical_Pores,0.40386921296296296,10646.25,13.724270811856654,13.486172148309006,23.17326003011148
Cylindrical_Pores,0.40386921296296296,10646.25,13.724270811856654,13.486172148308995,23.17326003011148
Cylindrical_Pores,0.39342881944444447,5893.234375,13.530874030806611,12.794284927942806,17.14642781666828
Cylindrical_Pores,0.39342881944444447,5893.234375,13.530874030806611,12.794284927942815,17.14642781666828
Cylindrical_Pores,0.39342881944444447,5893.234375,13.530874030806611,12.79428492794281,17.14642781666828
Cylindrical_Pores,0.39342881944444447,5893.234375,13.530874030806611,12.794284927942815,17.14642781666828
Cylindrical_Pores,0.40990046296296295,10283.615234375,13.079001075929371,12.56696241355945,14.700359827307134
Cylindrical_Pores,0.40990046296296295,10283.615234375,13.079001075929371,12.566962413559448,14.700359827307134
Cylindrical_Pores,0.40990046296296295,10283.615234375,13.079001075929371,12.56696241355945,14.700359827307134
Cylindrical_Pores,0.40990046296296295,10283.615234375,13.079001075929371,12.566962413559454,14.700359827307134
Cylindrical_Pores,0.40749016203703703,4099.60009765625,12.515753229724844,12.82957152890076,15.7480146124762
Cylindrical_Pores,0.40749016203703703,4099.60009765625,12.515753229724844,12.82957152890076,15.7480146124762
Cylindrical_Pores,0.40749016203703703,4099.60009765625,12.515753229724844,12.829571528900757,15.7480146124762
Cylindrical_Pores,0.40749016203703703,4099.60009765625,12.515753229724844,12.829571528900754,15.7480146124762
Cylindrical_Pores,0.394609375,12017.4609375,12.825669935323665,12.441571690423912,16.353529304278123
Cylindrical_Pores,0.394609375,12017.4609375,12.825669935323665,12.441571690423917,16.353529304278123
Cylindrical_Pores,0.394609375,12017.4609375,12.825669935323665,12.441571690423912,16.353529304278123
Cylindrical_Pores,0.394609375,12017.4609375,12.825669935323665,12.441571690423915,16.353529304278123
Cylindrical_Pores,0.3918738425925926,3562.708984375,13.572985945224621,12.757224090248318,15.281312069097885
Cylindrical_Pores,0.3918738425925926,3562.7099609375,13.572985945224621,12.75722409024832,15.281312069097885
Cylindrical_Pores,0.3918738425925926,3562.708984375,13.572985945224621,12.757224090248323,15.281312069097885
Cylindrical_Pores,0.3918738425925926,3562.708984375,13.572985945224621,12.75722409024832,15.281312069097885
Cylindrical_Pores,0.39570949074074074,9091.8076171875,13.424915098295918,12.75470959098039,15.107070451545495
Cylindrical_Pores,0.39570949074074074,9091.8076171875,13.424915098295918,12.754709590980392,15.107070451545495
Cylindrical_Pores,0.39570949074074074,9091.8076171875,13.424915098295918,12.754709590980386,15.107070451545495
Cylindrical_Pores,0.39570949074074074,9091.8076171875,13.424915098295918,12.754709590980392,15.107070451545495
Cylindrical_Pores,0.4012424768518518,8279.72265625,12.469392400614861,12.693146092730057,13.984805855692839
Cylindrical_Pores,0.4012424768518518,8279.7216796875,12.469392400614861,12.693146092730052,13.984805855692839
Cylindrical_Pores,0.4012424768518518,8279.72265625,12.469392400614861,12.69314609273005,13.984805855692839
Cylindrical_Pores,0.4012424768518518,8279.72265625,12.469392400614861,12.69314609273005,13.984805855692839
Cylindrical_Pores,0.4252771990740741,8280.6025390625,13.58635485241632,14.44539897802607,19.72308307144342
Cylindrical_Pores,0.4252771990740741,8280.6025390625,13.58635485241632,14.44539897802607,19.72308307144342
Cylindrical_Pores,0.4252771990740741,8280.6025390625,13.58635485241632,14.445398978026073,19.72308307144342
Cylindrical_Pores,0.4252771990740741,8280.6025390625,13.58635485241632,14.445398978026072,19.72308307144342
Cylindrical_Pores,0.3985769675925926,25469.521484375,12.575716500491787,14.004992430262044,16.004795965291805
Cylindrical_Pores,0.3985769675925926,25469.521484375,12.575716500491787,14.004992430262039,16.004795965291805
Cylindrical_Pores,0.3985769675925926,25469.521484375,12.575716500491787,14.00499243026205,16.004795965291805
Cylindrical_Pores,0.3985769675925926,25469.521484375,12.575716500491787,14.00499243026204,16.004795965291805
Cylindrical_Pores,0.4043252314814815,14889.1416015625,14.941156217078253,14.362363210049956,19.10497207033539
Cylindrical_Pores,0.4043252314814815,14889.1416015625,14.941156217078253,14.362363210049955,19.10497207033539
Cylindrical_Pores,0.4043252314814815,14889.1416015625,14.941156217078253,14.36236321004996,19.10497207033539
Cylindrical_Pores,0.4043252314814815,14889.1416015625,14.941156217078253,14.362363210049956,19.10497207033539
Cylindrical_Pores,0.40370081018518517,13777.2373046875,15.815380777507563,14.67856522871455,17.83255411314419
Cylindrical_Pores,0.40370081018518517,13777.2373046875,15.815380777507563,14.678565228714556,17.83255411314419
Cylindrical_Pores,0.40370081018518517,13777.2373046875,15.815380777507563,14.67856522871455,17.83255411314419
Cylindrical_Pores,0.40370081018518517,13777.2373046875,15.815380777507563,14.678565228714554,17.83255411314419
Cylindrical_Pores,0.3914074074074074,8902.9892578125,13.614941159582312,14.05201335878591,17.262675680557532
Cylindrical_Pores,0.3914074074074074,8902.9892578125,13.614941159582312,14.05201335878591,17.262675680557532
Cylindrical_Pores,0.3914074074074074,8902.9892578125,13.614941159582312,14.052013358785905,17.262675680557532
Cylindrical_Pores,0.3914074074074074,8902.98828125,13.614941159582312,14.052013358785903,17.262675680557532
Cylindrical_Pores,0.38511979166666666,6663.0322265625,14.598817096713887,13.66513492193841,18.627935614267468
Cylindrical_Pores,0.38511979166666666,6663.0322265625,14.598817096713887,13.665134921938416,18.627935614267468
Cylindrical_Pores,0.38511979166666666,6663.03369140625,14.598817096713887,13.66513492193841,18.627935614267468
Cylindrical_Pores,0.38511979166666666,6663.0322265625,14.598817096713887,13.665134921938407,18.627935614267468
Cylindrical_Pores,0.39305266203703704,21973.216796875,15.981249367585304,14.62380622575589,18.027754256981286
Cylindrical_Pores,0.39305266203703704,21973.212890625,15.981249367585304,14.623806225755887,18.027754256981286
Cylindrical_Pores,0.39305266203703704,21973.216796875,15.981249367585304,14.623806225755882,18.027754256981286
Cylindrical_Pores,0.39305266203703704,21973.212890625,15.981249367585304,14.623806225755885,18.027754256981286
Cylindrical_Pores,0.40347916666666667,4545.27001953125,13.149505876034874,13.850078216501846,16.806304838990258
Cylindrical_Pores,0.40347916666666667,4545.27001953125,13.149505876034874,13.850078216501844,16.806304838990258
Cylindrical_Pores,0.40347916666666667,4545.27001953125,13.149505876034874,13.85007821650185,16.806304838990258
Cylindrical_Pores,0.40347916666666667,4545.27001953125,13.149505876034874,13.850078216501846,16.806304838990258
Cylindrical_Pores,0.40027199074074077,10044.3671875,13.813122701125028,14.399744604871396,17.737446368471634
Cylindrical_Pores,0.40027199074074077,10044.3671875,13.813122701125028,14.399744604871387,17.737446368471634
Cylindrical_Pores,0.40027199074074077,10044.3671875,13.813122701125028,14.39974460487139,17.737446368471634
Cylindrical_Pores,0.40027199074074077,10044.3681640625,13.813122701125028,14.399744604871392,17.737446368471634
Cylindrical_Pores,0.3946886574074074,1282.7357177734375,13.142730519235567,14.150547855318564,19.34142391248166
Cylindrical_Pores,0.3946886574074074,1282.7357177734375,13.142730519235567,14.15054785531857,19.34142391248166
Cylindrical_Pores,0.3946886574074074,1282.7357177734375,13.142730519235567,14.150547855318564,19.34142391248166
Cylindrical_Pores,0.3946886574074074,1282.735595703125,13.142730519235567,14.150547855318566,19.34142391248166
Cylindrical_Pores,0.3986440972222222,11466.5419921875,14.352972277228265,15.213945276976242,20.99999796198515
Cylindrical_Pores,0.3986440972222222,11466.5419921875,14.352972277228265,15.213945276976231,20.99999796198515
Cylindrical_Pores,0.3986440972222222,11466.5419921875,14.352972277228265,15.213945276976242,20.99999796198515
Cylindrical_Pores,0.3986440972222222,11466.5419921875,14.352972277228265,15.213945276976242,20.99999796198515
Cylindrical_Pores,0.3902835648148148,6431.5126953125,14.424038837198593,14.796266321912036,16.284433330382548
Cylindrical_Pores,0.3902835648148148,6431.5126953125,14.424038837198593,14.796266321912036,16.284433330382548
Cylindrical_Pores,0.3902835648148148,6431.5126953125,14.424038837198593,14.796266321912034,16.284433330382548
Cylindrical_Pores,0.3902835648148148,6431.5126953125,14.424038837198593,14.796266321912034,16.284433330382548
Cylindrical_Pores,0.39465219907407406,13826.0341796875,14.579519391236733,14.906050549233369,18.601075046419144
Cylindrical_Pores,0.39465219907407406,13826.0322265625,14.579519391236733,14.90605054923336,18.601075046419144
Cylindrical_Pores,0.39465219907407406,13826.0322265625,14.579519391236733,14.906050549233365,18.601075046419144
Cylindrical_Pores,0.39465219907407406,13826.0322265625,14.579519391236733,14.906050549233369,18.601075046419144
Cylindrical_Pores,0.3900208333333333,18454.94921875,12.318712761762942,14.6850686240144,20.90056515144501
Cylindrical_Pores,0.3900208333333333,18454.94921875,12.318712761762942,14.685068624014411,20.90056515144501
Cylindrical_Pores,0.3900208333333333,18454.94921875,12.318712761762942,14.6850686240144,20.90056515144501
Cylindrical_Pores,0.3900208333333333,18454.94921875,12.318712761762942,14.6850686240144,20.90056515144501
Cylindrical_Pores,0.42156481481481484,9713.3857421875,15.015982587221478,15.404208560314784,19.209372945953984
Cylindrical_Pores,0.42156481481481484,9713.3857421875,15.015982587221478,15.404208560314784,19.209372945953984
Cylindrical_Pores,0.42156481481481484,9713.3857421875,15.015982587221478,15.404208560314784,19.209372945953984
Cylindrical_Pores,0.42156481481481484,9713.38671875,15.015982587221478,15.404208560314782,19.209372945953984
Cylindrical_Pores,0.4084756944444444,5711.83544921875,11.186521651936308,14.105893497354375,18.598288339130452
Cylindrical_Pores,0.4084756944444444,5711.83544921875,11.186521651936308,14.105893497354371,18.598288339130452
Cylindrical_Pores,0.4084756944444444,5711.83544921875,11.186521651936308,14.105893497354371,18.598288339130452
Cylindrical_Pores,0.4084756944444444,5711.83544921875,11.186521651936308,14.105893497354371,18.598288339130452
Cylindrical_Pores,0.3917806712962963,4388.958984375,14.63420763405391,15.163254199594682,18.895429006183026
Cylindrical_Pores,0.3917806712962963,4388.958984375,14.63420763405391,15.16325419959468,18.895429006183026
Cylindrical_Pores,0.3917806712962963,4388.958984375,14.63420763405391,15.163254199594682,18.895429006183026
Cylindrical_Pores,0.3917806712962963,4388.958984375,14.63420763405391,15.163254199594675,18.895429006183026
Cylindrical_Pores,0.41204282407407405,14117.9267578125,14.238475190604463,15.23145464730521,20.808653590992616
Cylindrical_Pores,0.41204282407407405,14117.9267578125,14.238475190604463,15.23145464730522,20.808653590992616
Cylindrical_Pores,0.41204282407407405,14117.9267578125,14.238475190604463,15.231454647305213,20.808653590992616
Cylindrical_Pores,0.41204282407407405,14117.9267578125,14.238475190604463,15.231454647305208,20.808653590992616
Cylindrical_Pores,0.3905896990740741,2693.37939453125,12.874912775424187,14.894006884135337,18.54723586123482
Cylindrical_Pores,0.3905896990740741,2693.3798828125,12.874912775424187,14.894006884135335,18.54723586123482
Cylindrical_Pores,0.3905896990740741,2693.37939453125,12.874912775424187,14.894006884135331,18.54723586123482
Cylindrical_Pores,0.3905896990740741,2693.37939453125,12.874912775424187,14.89400688413534,18.54723586123482
Cylindrical_Pores,0.3868304398148148,23814.0625,16.378664966026232,15.860798929475802,18.598288339130452
Cylindrical_Pores,0.3868304398148148,23814.0625,16.378664966026232,15.8607989294758,18.598288339130452
Cylindrical_Pores,0.3868304398148148,23814.0625,16.378664966026232,15.860798929475807,18.598288339130452
Cylindrical_Pores,0.3868304398148148,23814.0625,16.378664966026232,15.860798929475797,18.598288339130452
Cylindrical_Pores,0.4984716435185185,10445.017578125,11.11886412419663,12.215487725576828,18.000000106278666
Cylindrical_Pores,0.4984716435185185,10445.017578125,11.11886412419663,12.215487725576825,18.000000106278666
Cylindrical_Pores,0.4984716435185185,10445.017578125,11.11886412419663,12.215487725576827,18.000000106278666
Cylindrical_Pores,0.4984716435185185,10445.017578125,11.11886412419663,12.215487725576827,18.000000106278666
Cylindrical_Pores,0.4868663194444444,29110.2578125,12.956453446898712,12.906011693142087,16.536256485424907
Cylindrical_Pores,0.4868663194444444,29110.26171875,12.956453446898712,12.90601169314208,16.536256485424907
Cylindrical_Pores,0.4868663194444444,29110.26171875,12.956453446898712,12.906011693142087,16.536256485424907
Cylindrical_Pores,0.4868663194444444,29110.2578125,12.956453446898712,12.906011693142085,16.536256485424907
Cylindrical_Pores,0.4881903935185185,27997.017578125,11.895574235152639,12.8593468311358,17.246192260987254
Cylindrical_Pores,0.4881903935185185,27997.017578125,11.895574235152639,12.859346831135811,17.246192260987254
Cylindrical_Pores,0.4881903935185185,27997.017578125,11.895574235152639,12.859346831135808,17.246192260987254
Cylindrical_Pores,0.4881903935185185,27997.017578125,11.895574235152639,12.859346831135806,17.246192260987254
Cylindrical_Pores,0.48933159722222225,19167.8046875,12.87880123592848,12.832358710535562,18.895429006183026
Cylindrical_Pores,0.48933159722222225,19167.80859375,12.87880123592848,12.832358710535559,18.895429006183026
Cylindrical_Pores,0.48933159722222225,19167.8046875,12.87880123592848,12.832358710535557,18.895429006183026
Cylindrical_Pores,0.48933159722222225,19167.80859375,12.87880123592848,12.832358710535562,18.895429006183026
Cylindrical_Pores,0.49858564814814815,24971.703125,11.99901703600109,13.150099303902692,19.72308307144342
Cylindrical_Pores,0.49858564814814815,24971.703125,11.99901703600109,13.150099303902687,19.72308307144342
Cylindrical_Pores,0.49858564814814815,24971.703125,11.99901703600109,13.150099303902687,19.72308307144342
Cylindrical_Pores,0.49858564814814815,24971.703125,11.99901703600109,13.150099303902694,19.72308307144342
Cylindrical_Pores,0.5036278935185186,21998.982421875,12.676459074532913,13.293308922241433,16.14527264330097
Cylindrical_Pores,0.5036278935185186,21998.982421875,12.676459074532913,13.29330892224143,16.14527264330097
Cylindrical_Pores,0.5036278935185186,21998.982421875,12.676459074532913,13.29330892224143,16.14527264330097
Cylindrical_Pores,0.5036278935185186,21998.982421875,12.676459074532913,13.293308922241428,16.14527264330097
Cylindrical_Pores,0.5066342592592593,8428.2333984375,13.244012712555516,13.16589144953544,19.512931829074788
Cylindrical_Pores,0.5066342592592593,8428.2333984375,13.244012712555516,13.16589144953544,19.512931829074788
Cylindrical_Pores,0.5066342592592593,8428.2333984375,13.244012712555516,13.165891449535444,19.512931829074788
Cylindrical_Pores,0.5066342592592593,8428.2333984375,13.244012712555516,13.165891449535433,19.512931829074788
Cylindrical_Pores,0.49253993055555556,18915.53125,12.874912775424187,13.148683502145731,18.54723586123482
Cylindrical_Pores,0.49253993055555556,18915.533203125,12.874912775424187,13.148683502145719,18.54723586123482
Cylindrical_Pores,0.49253993055555556,18915.533203125,12.874912775424187,13.148683502145726,18.54723586123482
Cylindrical_Pores,0.49253993055555556,18915.533203125,12.874912775424187,13.148683502145726,18.54723586123482
Cylindrical_Pores,0.4858177083333333,24113.810546875,11.061462038147825,12.457954840730764,15.862966723845464
Cylindrical_Pores,0.4858177083333333,24113.810546875,11.061462038147825,12.457954840730755,15.862966723845464
Cylindrical_Pores,0.4858177083333333,24113.810546875,11.061462038147825,12.45795484073077,15.862966723845464
Cylindrical_Pores,0.4858177083333333,24113.810546875,11.061462038147825,12.45795484073076,15.862966723845464
Cylindrical_Pores,0.5001909722222222,22671.51171875,12.439755850813238,13.253825465799505,17.83255411314419
Cylindrical_Pores,0.5001909722222222,22671.51171875,12.439755850813238,13.253825465799506,17.83255411314419
Cylindrical_Pores,0.5001909722222222,22671.51171875,12.439755850813238,13.253825465799505,17.83255411314419
Cylindrical_Pores,0.5001909722222222,22671.51171875,12.439755850813238,13.253825465799512,17.83255411314419
Cylindrical_Pores,0.487484375,16021.0830078125,14.131101909419062,14.70744709707256,23.99999957896438
Cylindrical_Pores,0.487484375,16021.0830078125,14.131101909419062,14.707447097072556,23.99999957896438
Cylindrical_Pores,0.487484375,16021.0830078125,14.131101909419062,14.707447097072562,23.99999957896438
Cylindrical_Pores,0.487484375,16021.0830078125,14.131101909419062,14.707447097072562,23.99999957896438
Cylindrical_Pores,0.5005671296296297,16754.740234375,14.592465528464206,14.061109042673998,18.836407349720062
Cylindrical_Pores,0.5005671296296297,16754.736328125,14.592465528464206,14.061109042673996,18.836407349720062
Cylindrical_Pores,0.5005671296296297,16754.740234375,14.592465528464206,14.061109042673996,18.836407349720062
Cylindrical_Pores,0.5005671296296297,16754.740234375,14.592465528464206,14.061109042673998,18.836407349720062
Cylindrical_Pores,0.49966782407407406,13338.1162109375,13.571062563301323,14.241847506811538,19.697714187078258
Cylindrical_Pores,0.49966782407407406,13338.1162109375,13.571062563301323,14.241847506811544,19.697714187078258
Cylindrical_Pores,0.49966782407407406,13338.1171875,13.571062563301323,14.24184750681154,19.697714187078258
Cylindrical_Pores,0.49966782407407406,13338.1162109375,13.571062563301323,14.241847506811544,19.697714187078258
Cylindrical_Pores,0.4954502314814815,23829.541015625,12.84211157520055,13.734153331713319,18.493242857974362
Cylindrical_Pores,0.4954502314814815,23829.541015625,12.84211157520055,13.73415333171332,18.493242857974362
Cylindrical_Pores,0.4954502314814815,23829.541015625,12.84211157520055,13.734153331713324,18.493242857974362
Cylindrical_Pores,0.4954502314814815,23829.541015625,12.84211157520055,13.734153331713324,18.493242857974362
Cylindrical_Pores,0.49364756944444443,32524.5546875,12.498479727873445,14.264955530690393,20.712314321911915
Cylindrical_Pores,0.49364756944444443,32524.5546875,12.498479727873445,14.264955530690386,20.712314321911915
Cylindrical_Pores,0.49364756944444443,32524.5546875,12.498479727873445,14.264955530690386,20.712314321911915
Cylindrical_Pores,0.49364756944444443,32524.5546875,12.498479727873445,14.264955530690397,20.712314321911915
Cylindrical_Pores,0.5051869212962963,14569.3603515625,12.956453446898712,13.625202192305151,16.536256485424907
Cylindrical_Pores,0.5051869212962963,14569.3583984375,12.956453446898712,13.625202192305155,16.536256485424907
Cylindrical_Pores,0.5051869212962963,14569.3583984375,12.956453446898712,13.625202192305155,16.536256485424907
Cylindrical_Pores,0.5051869212962963,14569.3603515625,12.956453446898712,13.625202192305153,16.536256485424907
Cylindrical_Pores,0.4994195601851852,47670.34375,14.592465528464206,14.676033362427038,18.836407349720062
Cylindrical_Pores,0.4994195601851852,47670.34375,14.592465528464206,14.676033362427031,18.836407349720062
Cylindrical_Pores,0.4994195601851852,47670.34375,14.592465528464206,14.676033362427033,18.836407349720062
Cylindrical_Pores,0.4994195601851852,47670.34375,14.592465528464206,14.676033362427027,18.836407349720062
Cylindrical_Pores,0.5141996527777778,21301.677734375,14.949266472052388,14.634482191300414,19.34142391248166
Cylindrical_Pores,0.5141996527777778,21301.67578125,14.949266472052388,14.634482191300407,19.34142391248166
Cylindrical_Pores,0.5141996527777778,21301.67578125,14.949266472052388,14.634482191300405,19.34142391248166
Cylindrical_Pores,0.5141996527777778,21301.67578125,14.949266472052388,14.634482191300412,19.34142391248166
Cylindrical_Pores,0.4890167824074074,23099.072265625,13.037339386052198,13.921173524889053,16.649356192644102
Cylindrical_Pores,0.4890167824074074,23099.072265625,13.037339386052198,13.921173524889046,16.649356192644102
Cylindrical_Pores,0.4890167824074074,23099.072265625,13.037339386052198,13.921173524889054,16.649356192644102
Cylindrical_Pores,0.4890167824074074,23099.072265625,13.037339386052198,13.921173524889051,16.649356192644102
Cylindrical_Pores,0.4971759259259259,18870.681640625,14.656531698514685,14.08468307718611,16.55894372926627
Cylindrical_Pores,0.4971759259259259,18870.681640625,14.656531698514685,14.084683077186108,16.55894372926627
Cylindrical_Pores,0.4971759259259259,18870.681640625,14.656531698514685,14.08468307718611,16.55894372926627
Cylindrical_Pores,0.4971759259259259,18870.681640625,14.656531698514685,14.084683077186108,16.55894372926627
Cylindrical_Pores,0.4918269675925926,50791.703125,16.678387924935386,16.158540827582417,21.540659039844954
Cylindrical_Pores,0.4918269675925926,50791.703125,16.678387924935386,16.15854082758241,21.540659039844954
Cylindrical_Pores,0.4918269675925926,50791.703125,16.678387924935386,16.158540827582424,21.540659039844954
Cylindrical_Pores,0.4918269675925926,50791.703125,16.678387924935386,16.158540827582417,21.540659039844954
Cylindrical_Pores,0.5010324074074074,26457.04296875,14.551636992196928,16.23541902187152,24.859604936220315
Cylindrical_Pores,0.5010324074074074,26457.04296875,14.551636992196928,16.235419021871515,24.859604936220315
Cylindrical_Pores,0.5010324074074074,26457.04296875,14.551636992196928,16.235419021871518,24.859604936220315
Cylindrical_Pores,0.5010324074074074,26457.04296875,14.551636992196928,16.235419021871515,24.859604936220315
Cylindrical_Pores,0.5019230324074074,30519.2890625,16.730205671077513,16.448685428615814,25.019992610191455
Cylindrical_Pores,0.5019230324074074,30519.2890625,16.730205671077513,16.44868542861583,25.019992610191455
Cylindrical_Pores,0.5019230324074074,30519.2890625,16.730205671077513,16.44868542861582,25.019992610191455
Cylindrical_Pores,0.5019230324074074,30519.2890625,16.730205671077513,16.44868542861583,25.019992610191455
Cylindrical_Pores,0.4941626157407407,32417.853515625,14.423943815567133,15.36111719699747,18.598288339130452
Cylindrical_Pores,0.4941626157407407,32417.853515625,14.423943815567133,15.361117196997467,18.598288339130452
Cylindrical_Pores,0.4941626157407407,32417.853515625,14.423943815567133,15.361117196997471,18.598288339130452
Cylindrical_Pores,0.4941626157407407,32417.853515625,14.423943815567133,15.36111719699747,18.598288339130452
Cylindrical_Pores,0.49363715277777775,25412.7734375,14.620089559670326,15.760139649616686,21.86213329922846
Cylindrical_Pores,0.49363715277777775,25412.7734375,14.620089559670326,15.760139649616688,21.86213329922846
Cylindrical_Pores,0.49363715277777775,25412.7734375,14.620089559670326,15.760139649616695,21.86213329922846
Cylindrical_Pores,0.49363715277777775,25412.7734375,14.620089559670326,15.76013964961669,21.86213329922846
Cylindrical_Pores,0.511697337962963,41780.66015625,14.895087449780426,15.897913624064678,21.908903220977884
Cylindrical_Pores,0.511697337962963,41780.66015625,14.895087449780426,15.897913624064676,21.908903220977884
Cylindrical_Pores,0.511697337962963,41780.66015625,14.895087449780426,15.897913624064685,21.908903220977884
Cylindrical_Pores,0.511697337962963,41780.66015625,14.895087449780426,15.897913624064664,21.908903220977884
Cylindrical_Pores,0.4920833333333333,25719.451171875,14.564552040885928,15.470197938051637,21.354157234130216
Cylindrical_Pores,0.4920833333333333,25719.451171875,14.564552040885928,15.470197938051628,21.354157234130216
Cylindrical_Pores,0.4920833333333333,25719.451171875,14.564552040885928,15.470197938051626,21.354157234130216
Cylindrical_Pores,0.4920833333333333,25719.451171875,14.564552040885928,15.470197938051632,21.354157234130216
Cylindrical_Pores,0.5133425925925926,2629.37744140625,14.648083687092598,15.550280892806592,21.49418233004674
Cylindrical_Pores,0.5133425925925926,2629.37744140625,14.648083687092598,15.550280892806596,21.49418233004674
Cylindrical_Pores,0.5133425925925926,2629.377685546875,14.648083687092598,15.550280892806581,21.49418233004674
Cylindrical_Pores,0.5133425925925926,2629.377685546875,14.648083687092598,15.550280892806589,21.49418233004674
Cylindrical_Pores,0.49872395833333333,41433.83203125,16.842184798573776,16.16696244032692,21.771542242745642
Cylindrical_Pores,0.49872395833333333,41433.83203125,16.842184798573776,16.16696244032692,21.771542242745642
Cylindrical_Pores,0.49872395833333333,41433.83203125,16.842184798573776,16.166962440326923,21.771542242745642
Cylindrical_Pores,0.49872395833333333,41433.83203125,16.842184798573776,16.166962440326916,21.771542242745642
Cylindrical_Pores,0.5065144675925926,11659.32421875,12.796953921369772,14.942037816901973,21.30727580025884
Cylindrical_Pores,0.5065144675925926,11659.32421875,12.796953921369772,14.942037816901971,21.30727580025884
Cylindrical_Pores,0.5065144675925926,11659.32421875,12.796953921369772,14.942037816901971,21.30727580025884
Cylindrical_Pores,0.5065144675925926,11659.32421875,12.796953921369772,14.94203781690197,21.30727580025884
Cylindrical_Pores,0.5888310185185185,39599.7421875,12.388551726114398,13.825835861585613,20.493901578536143
Cylindrical_Pores,0.5888310185185185,39599.7421875,12.388551726114398,13.825835861585608,20.493901578536143
Cylindrical_Pores,0.5888310185185185,39599.7421875,12.388551726114398,13.825835861585622,20.493901578536143
Cylindrical_Pores,0.5888310185185185,39599.7421875,12.388551726114398,13.825835861585611,20.493901578536143
Cylindrical_Pores,0.586609375,51483.3359375,13.037339386052198,13.400785213110543,16.649356192644102
Cylindrical_Pores,0.586609375,51483.3359375,13.037339386052198,13.400785213110542,16.649356192644102
Cylindrical_Pores,0.586609375,51483.3359375,13.037339386052198,13.400785213110547,16.649356192644102
Cylindrical_Pores,0.586609375,51483.3359375,13.037339386052198,13.400785213110538,16.649356192644102
Cylindrical_Pores,0.5831655092592593,28999.99609375,12.972682614405151,12.48213215157087,16.55894372926627
Cylindrical_Pores,0.5831655092592593,28999.99609375,12.972682614405151,12.48213215157086,16.55894372926627
Cylindrical_Pores,0.5831655092592593,28999.99609375,12.972682614405151,12.482132151570864,16.55894372926627
Cylindrical_Pores,0.5831655092592593,28999.99609375,12.972682614405151,12.482132151570866,16.55894372926627
Cylindrical_Pores,0.5937586805555556,29743.083984375,11.523192841122937,12.644390112938375,16.62680312316026
Cylindrical_Pores,0.5937586805555556,29743.083984375,11.523192841122937,12.644390112938387,16.62680312316026
Cylindrical_Pores,0.5937586805555556,29743.083984375,11.523192841122937,12.644390112938382,16.62680312316026
Cylindrical_Pores,0.5937586805555556,29743.083984375,11.523192841122937,12.644390112938376,16.62680312316026
Cylindrical_Pores,0.5968078703703704,30109.056640625,12.473925901062536,12.852285962382709,15.862966723845464
Cylindrical_Pores,0.5968078703703704,30109.0546875,12.473925901062536,12.852285962382707,15.862966723845464
Cylindrical_Pores,0.5968078703703704,30109.056640625,12.473925901062536,12.852285962382702,15.862966723845464
Cylindrical_Pores,0.5968078703703704,30109.0546875,12.473925901062536,12.8522859623827,15.862966723845464
Cylindrical_Pores,0.6057708333333334,34287.2265625,13.478847306020787,13.602449892104513,17.26786839182984
Cylindrical_Pores,0.6057708333333334,34287.2265625,13.478847306020787,13.602449892104511,17.26786839182984
Cylindrical_Pores,0.6057708333333334,34287.2265625,13.478847306020787,13.602449892104522,17.26786839182984
Cylindrical_Pores,0.6057708333333334,34287.2265625,13.478847306020787,13.60244989210452,17.26786839182984
Cylindrical_Pores,0.5831180555555555,36419.6640625,12.642977852426894,12.987017086472468,20.99999796198515
Cylindrical_Pores,0.5831180555555555,36419.6640625,12.642977852426894,12.987017086472473,20.99999796198515
Cylindrical_Pores,0.5831180555555555,36419.6640625,12.642977852426894,12.987017086472468,20.99999796198515
Cylindrical_Pores,0.5831180555555555,36419.6640625,12.642977852426894,12.987017086472468,20.99999796198515
Cylindrical_Pores,0.6095543981481482,37834.26953125,13.131407717716405,14.355844248079977,21.977259851978424
Cylindrical_Pores,0.6095543981481482,37834.2734375,13.131407717716405,14.355844248079988,21.977259851978424
Cylindrical_Pores,0.6095543981481482,37834.26953125,13.131407717716405,14.355844248079972,21.977259851978424
Cylindrical_Pores,0.6095543981481482,37834.26953125,13.131407717716405,14.355844248079983,21.977259851978424
Cylindrical_Pores,0.5884288194444445,26225.669921875,12.84211157520055,12.766275370513496,18.493242857974362
Cylindrical_Pores,0.5884288194444445,26225.669921875,12.84211157520055,12.766275370513487,18.493242857974362
Cylindrical_Pores,0.5884288194444445,26225.669921875,12.84211157520055,12.766275370513497,18.493242857974362
Cylindrical_Pores,0.5884288194444445,26225.669921875,12.84211157520055,12.766275370513492,18.493242857974362
Cylindrical_Pores,0.5987332175925926,46216.0078125,13.21305084620599,13.387453710421637,19.10497207033539
Cylindrical_Pores,0.5987332175925926,46216.0078125,13.21305084620599,13.387453710421639,19.10497207033539
Cylindrical_Pores,0.5987332175925926,46216.0,13.21305084620599,13.38745371042164,19.10497207033539
Cylindrical_Pores,0.5987332175925926,46216.0078125,13.21305084620599,13.387453710421635,19.10497207033539
Cylindrical_Pores,0.5927314814814815,45674.2421875,13.632096174476635,14.791243555915797,19.798989199069226
Cylindrical_Pores,0.5927314814814815,45674.25,13.632096174476635,14.791243555915791,19.798989199069226
Cylindrical_Pores,0.5927314814814815,45674.2421875,13.632096174476635,14.79124355591579,19.798989199069226
Cylindrical_Pores,0.5927314814814815,45674.25,13.632096174476635,14.791243555915791,19.798989199069226
Cylindrical_Pores,0.5854369212962963,36529.28515625,14.689621488015074,14.94186945992729,21.563855159907238
Cylindrical_Pores,0.5854369212962963,36529.28515625,14.689621488015074,14.941869459927279,21.563855159907238
Cylindrical_Pores,0.5854369212962963,36529.28515625,14.689621488015074,14.941869459927288,21.563855159907238
Cylindrical_Pores,0.5854369212962963,36529.28125,14.689621488015074,14.941869459927286,21.563855159907238
Cylindrical_Pores,0.5774131944444445,35525.87890625,14.46631218206716,14.482880781424248,18.658129485507295
Cylindrical_Pores,0.5774131944444445,35525.87890625,14.46631218206716,14.482880781424242,18.658129485507295
Cylindrical_Pores,0.5774131944444445,35525.87890625,14.46631218206716,14.48288078142424,18.658129485507295
Cylindrical_Pores,0.5774131944444445,35525.87890625,14.46631218206716,14.482880781424244,18.658129485507295
Cylindrical_Pores,0.5899479166666667,30636.52734375,14.100389065555252,14.939232814688474,23.937418646758893
Cylindrical_Pores,0.5899479166666667,30636.52734375,14.100389065555252,14.939232814688475,23.937418646758893
Cylindrical_Pores,0.5899479166666667,30636.525390625,14.100389065555252,14.939232814688472,23.937418646758893
Cylindrical_Pores,0.5899479166666667,30636.52734375,14.100389065555252,14.939232814688475,23.937418646758893
Cylindrical_Pores,0.5863524305555555,39122.6875,14.903579223333137,14.558775473902493,16.850856124634657
Cylindrical_Pores,0.5863524305555555,39122.6875,14.903579223333137,14.5587754739025,16.850856124634657
Cylindrical_Pores,0.5863524305555555,39122.6875,14.903579223333137,14.55877547390249,16.850856124634657
Cylindrical_Pores,0.5863524305555555,39122.6875,14.903579223333137,14.55877547390249,16.850856124634657
Cylindrical_Pores,0.5938506944444445,45380.05078125,14.252852331942066,14.50813304617476,18.35680919436775
Cylindrical_Pores,0.5938506944444445,45380.05078125,14.252852331942066,14.508133046174756,18.35680919436775
Cylindrical_Pores,0.5938506944444445,45380.0546875,14.252852331942066,14.508133046174759,18.35680919436775
Cylindrical_Pores,0.5938506944444445,45380.0546875,14.252852331942066,14.508133046174763,18.35680919436775
Cylindrical_Pores,0.5908431712962963,46240.69921875,12.86715247360813,14.337879053535467,21.44761162299574
Cylindrical_Pores,0.5908431712962963,46240.6953125,12.86715247360813,14.337879053535467,21.44761162299574
Cylindrical_Pores,0.5908431712962963,46240.69921875,12.86715247360813,14.337879053535465,21.44761162299574
Cylindrical_Pores,0.5908431712962963,46240.69921875,12.86715247360813,14.337879053535469,21.44761162299574
Cylindrical_Pores,0.5925943287037037,16536.84765625,14.841901896894038,15.029981928412543,25.455842072462477
Cylindrical_Pores,0.5925943287037037,16536.84765625,14.841901896894038,15.029981928412536,25.455842072462477
Cylindrical_Pores,0.5925943287037037,16536.84765625,14.841901896894038,15.029981928412546,25.455842072462477
Cylindrical_Pores,0.5925943287037037,16536.84765625,14.841901896894038,15.029981928412544,25.455842072462477
Cylindrical_Pores,0.5897569444444445,33496.5703125,14.49260521402667,14.977034850950474,21.643048430225992
Cylindrical_Pores,0.5897569444444445,33496.5625,14.49260521402667,14.977034850950464,21.643048430225992
Cylindrical_Pores,0.5897569444444445,33496.5625,14.49260521402667,14.977034850950474,21.643048430225992
Cylindrical_Pores,0.5897569444444445,33496.5625,14.49260521402667,14.977034850950476,21.643048430225992
Cylindrical_Pores,0.5868402777777778,47851.5078125,13.63870685068093,14.69323985411943,22.99999987979638
Cylindrical_Pores,0.5868402777777778,47851.5078125,13.63870685068093,14.693239854119422,22.99999987979638
Cylindrical_Pores,0.5868402777777778,47851.50390625,13.63870685068093,14.69323985411943,22.99999987979638
Cylindrical_Pores,0.5868402777777778,47851.50390625,13.63870685068093,14.69323985411943,22.99999987979638
Cylindrical_Pores,0.5889398148148148,40421.81640625,14.908655842783428,16.002480724550338,21.931713268527144
Cylindrical_Pores,0.5889398148148148,40421.8125,14.908655842783428,16.00248072455033,21.931713268527144
Cylindrical_Pores,0.5889398148148148,40421.81640625,14.908655842783428,16.00248072455035,21.931713268527144
Cylindrical_Pores,0.5889398148148148,40421.8125,14.908655842783428,16.002480724550338,21.931713268527144
Cylindrical_Pores,0.5939699074074074,53710.74609375,14.813235451805427,16.39226672845179,22.19460471931981
Cylindrical_Pores,0.5939699074074074,53710.74609375,14.813235451805427,16.392266728451787,22.19460471931981
Cylindrical_Pores,0.5939699074074074,53710.7421875,14.813235451805427,16.39226672845179,22.19460471931981
Cylindrical_Pores,0.5939699074074074,53710.74609375,14.813235451805427,16.392266728451784,22.19460471931981
Cylindrical_Pores,0.6001168981481482,51553.7109375,14.935743625587866,15.711351967617622,21.977259851978424
Cylindrical_Pores,0.6001168981481482,51553.7109375,14.935743625587866,15.711351967617622,21.977259851978424
Cylindrical_Pores,0.6001168981481482,51553.7109375,14.935743625587866,15.711351967617617,21.977259851978424
Cylindrical_Pores,0.6001168981481482,51553.7109375,14.935743625587866,15.711351967617615,21.977259851978424
Cylindrical_Pores,0.6089039351851852,53792.3046875,16.62887943942728,15.86725182979574,18.895429006183026
Cylindrical_Pores,0.6089039351851852,53792.3046875,16.62887943942728,15.867251829795743,18.895429006183026
Cylindrical_Pores,0.6089039351851852,53792.3046875,16.62887943942728,15.867251829795737,18.895429006183026
Cylindrical_Pores,0.6089039351851852,53792.3046875,16.62887943942728,15.867251829795737,18.895429006183026
Cylindrical_Pores,0.6026545138888889,44686.45703125,16.512668670019075,16.092549987172188,21.30727580025884
Cylindrical_Pores,0.6026545138888889,44686.45703125,16.512668670019075,16.092549987172177,21.30727580025884
Cylindrical_Pores,0.6026545138888889,44686.45703125,16.512668670019075,16.092549987172173,21.30727580025884
Cylindrical_Pores,0.6026545138888889,44686.45703125,16.512668670019075,16.092549987172184,21.30727580025884
Cylindrical_Pores,0.5901417824074074,44453.796875,16.5891329709613,16.48059274776997,24.779025075214648
Cylindrical_Pores,0.5901417824074074,44453.796875,16.5891329709613,16.480592747769965,24.779025075214648
Cylindrical_Pores,0.5901417824074074,44453.796875,16.5891329709613,16.48059274776996,24.779025075214648
Cylindrical_Pores,0.5901417824074074,44453.796875,16.5891329709613,16.48059274776996,24.779025075214648
Cylindrical_Pores,0.5873587962962963,50548.03125,14.352972277228265,15.423547759917092,20.99999796198515
Cylindrical_Pores,0.5873587962962963,50548.03125,14.352972277228265,15.4235477599171,20.99999796198515
Cylindrical_Pores,0.5873587962962963,50548.03125,14.352972277228265,15.423547759917092,20.99999796198515
Cylindrical_Pores,0.5873587962962963,50548.03125,14.352972277228265,15.423547759917094,20.99999796198515
Cylindrical_Pores,0.5867175925925926,26003.1484375,16.462566807659403,15.979114447343155,21.236758912647247
Cylindrical_Pores,0.5867175925925926,26003.1484375,16.462566807659403,15.979114447343155,21.236758912647247
Cylindrical_Pores,0.5867175925925926,26003.1484375,16.462566807659403,15.979114447343154,21.236758912647247
Cylindrical_Pores,0.5867175925925926,26003.1484375,16.462566807659403,15.979114447343163,21.236758912647247
Cylindrical_Pores,0.6103304398148148,52900.23046875,14.338724879041616,15.634671271561754,20.97617618727843
Cylindrical_Pores,0.6103304398148148,52900.23046875,14.338724879041616,15.63467127156177,20.97617618727843
Cylindrical_Pores,0.6103304398148148,52900.23046875,14.338724879041616,15.634671271561759,20.97617618727843
Cylindrical_Pores,0.6103304398148148,52900.2265625,14.338724879041616,15.634671271561759,20.97617618727843
Cylindrical_Pores,0.5917876157407408,54845.4765625,14.922207923695941,16.198433305947884,21.95449885403958
Cylindrical_Pores,0.5917876157407408,54845.4765625,14.922207923695941,16.198433305947884,21.95449885403958
Cylindrical_Pores,0.5917876157407408,54845.4765625,14.922207923695941,16.19843330594788,21.95449885403958
Cylindrical_Pores,0.5917876157407408,54845.4765625,14.922207923695941,16.198433305947887,21.95449885403958
Cylindrical_Pores,0.6836776620370371,43213.0546875,11.147411586209987,11.927397445234076,16.004795965291805
Cylindrical_Pores,0.6836776620370371,43213.0546875,11.147411586209987,11.92739744523408,16.004795965291805
Cylindrical_Pores,0.6836776620370371,43213.0546875,11.147411586209987,11.927397445234078,16.004795965291805
Cylindrical_Pores,0.6836776620370371,43213.0546875,11.147411586209987,11.92739744523408,16.004795965291805
Cylindrical_Pores,0.6854259259259259,44130.4453125,11.684819442880096,11.991892240862555,19.10497207033539
Cylindrical_Pores,0.6854259259259259,44130.4453125,11.684819442880096,11.991892240862551,19.10497207033539
Cylindrical_Pores,0.6854259259259259,44130.4453125,11.684819442880096,11.991892240862551,19.10497207033539
Cylindrical_Pores,0.6854259259259259,44130.4453125,11.684819442880096,11.99189224086254,19.10497207033539
Cylindrical_Pores,0.6850590277777778,52912.92578125,10.857184775924415,12.181343668088948,17.492854138527438
Cylindrical_Pores,0.6850590277777778,52912.92578125,10.857184775924415,12.181343668088935,17.492854138527438
Cylindrical_Pores,0.6850590277777778,52912.93359375,10.857184775924415,12.181343668088934,17.492854138527438
Cylindrical_Pores,0.6850590277777778,52912.93359375,10.857184775924415,12.181343668088935,17.492854138527438
Cylindrical_Pores,0.6819033564814815,35344.90625,11.26058719130022,11.832807203053024,18.27566738046485
Cylindrical_Pores,0.6819033564814815,35344.90625,11.26058719130022,11.832807203053028,18.27566738046485
Cylindrical_Pores,0.6819033564814815,35344.90234375,11.26058719130022,11.832807203053024,18.27566738046485
Cylindrical_Pores,0.6819033564814815,35344.90234375,11.26058719130022,11.832807203053026,18.27566738046485
Cylindrical_Pores,0.682400462962963,47552.2578125,10.913391612625269,12.302460541327003,20.46949080868855
Cylindrical_Pores,0.682400462962963,47552.2578125,10.913391612625269,12.302460541327008,20.46949080868855
Cylindrical_Pores,0.682400462962963,47552.2578125,10.913391612625269,12.30246054132701,20.46949080868855
Cylindrical_Pores,0.682400462962963,47552.2578125,10.913391612625269,12.302460541327001,20.46949080868855
Cylindrical_Pores,0.6834016203703703,39578.60546875,11.617857932011542,12.447793712815853,16.783980669217996
Cylindrical_Pores,0.6834016203703703,39578.60546875,11.617857932011542,12.447793712815853,16.783980669217996
Cylindrical_Pores,0.6834016203703703,39578.60546875,11.617857932011542,12.447793712815855,16.783980669217996
Cylindrical_Pores,0.6834016203703703,39578.60546875,11.617857932011542,12.447793712815852,16.783980669217996
Cylindrical_Pores,0.6815092592592593,46554.08203125,11.784442588810371,11.940144714798997,14.905222994063115
Cylindrical_Pores,0.6815092592592593,46554.08203125,11.784442588810371,11.940144714798999,14.905222994063115
Cylindrical_Pores,0.6815092592592593,46554.08203125,11.784442588810371,11.940144714798992,14.905222994063115
Cylindrical_Pores,0.6815092592592593,46554.078125,11.784442588810371,11.940144714798995,14.905222994063115
Cylindrical_Pores,0.6856608796296296,38140.23828125,11.427424767063009,12.310916316718357,18.601075046419144
Cylindrical_Pores,0.6856608796296296,38140.23828125,11.427424767063009,12.310916316718348,18.601075046419144
Cylindrical_Pores,0.6856608796296296,38140.23828125,11.427424767063009,12.310916316718348,18.601075046419144
Cylindrical_Pores,0.6856608796296296,38140.23828125,11.427424767063009,12.310916316718354,18.601075046419144
Cylindrical_Pores,0.6826186342592593,57564.4921875,10.725346406057087,12.81488047864892,20.02498519339294
Cylindrical_Pores,0.6826186342592593,57564.4921875,10.725346406057087,12.81488047864892,20.02498519339294
Cylindrical_Pores,0.6826186342592593,57564.4921875,10.725346406057087,12.814880478648911,20.02498519339294
Cylindrical_Pores,0.6826186342592593,57564.4921875,10.725346406057087,12.81488047864892,20.02498519339294
Cylindrical_Pores,0.6808605324074074,42996.5234375,11.399855043212371,12.285770438613142,18.54723586123482
Cylindrical_Pores,0.6808605324074074,42996.51953125,11.399855043212371,12.285770438613149,18.54723586123482
Cylindrical_Pores,0.6808605324074074,42996.51953125,11.399855043212371,12.285770438613145,18.54723586123482
Cylindrical_Pores,0.6808605324074074,42996.53125,11.399855043212371,12.285770438613142,18.54723586123482
Cylindrical_Pores,0.6868269675925925,73410.609375,12.913654278640532,13.740575003951637,21.540659039844954
Cylindrical_Pores,0.6868269675925925,73410.609375,12.913654278640532,13.740575003951644,21.540659039844954
Cylindrical_Pores,0.6868269675925925,73410.609375,12.913654278640532,13.740575003951642,21.540659039844954
Cylindrical_Pores,0.6868269675925925,73410.609375,12.913654278640532,13.740575003951648,21.540659039844954
Cylindrical_Pores,0.6793732638888889,67197.4296875,13.366346115194403,13.94054712157248,22.449943034357496
Cylindrical_Pores,0.6793732638888889,67197.4296875,13.366346115194403,13.940547121572484,22.449943034357496
Cylindrical_Pores,0.6793732638888889,67197.4296875,13.366346115194403,13.940547121572475,22.449943034357496
Cylindrical_Pores,0.6793732638888889,67197.4296875,13.366346115194403,13.94054712157248,22.449943034357496
Cylindrical_Pores,0.6843559027777778,58067.328125,12.378477368672295,14.338564771890441,23.99999957896438
Cylindrical_Pores,0.6843559027777778,58067.328125,12.378477368672295,14.338564771890441,23.99999957896438
Cylindrical_Pores,0.6843559027777778,58067.328125,12.378477368672295,14.338564771890441,23.99999957896438
Cylindrical_Pores,0.6843559027777778,58067.328125,12.378477368672295,14.338564771890441,23.99999957896438
Cylindrical_Pores,0.686447337962963,50343.05078125,12.446245819541147,14.431377964383127,24.166088827563534
Cylindrical_Pores,0.686447337962963,50343.05078125,12.446245819541147,14.431377964383127,24.166088827563534
Cylindrical_Pores,0.686447337962963,50343.05078125,12.446245819541147,14.431377964383124,24.166088827563534
Cylindrical_Pores,0.686447337962963,50343.05078125,12.446245819541147,14.431377964383127,24.166088827563534
Cylindrical_Pores,0.6836898148148148,55527.96484375,12.890431058219907,14.204672630067979,21.49418233004674
Cylindrical_Pores,0.6836898148148148,55527.96484375,12.890431058219907,14.204672630067986,21.49418233004674
Cylindrical_Pores,0.6836898148148148,55527.96484375,12.890431058219907,14.204672630067972,21.49418233004674
Cylindrical_Pores,0.6836898148148148,55527.96484375,12.890431058219907,14.204672630067982,21.49418233004674
Cylindrical_Pores,0.678625,55135.87109375,13.707896072793602,13.644706767407419,19.92485656081836
Cylindrical_Pores,0.678625,55135.87109375,13.707896072793602,13.644706767407417,19.92485656081836
Cylindrical_Pores,0.678625,55135.86328125,13.707896072793602,13.644706767407422,19.92485656081836
Cylindrical_Pores,0.678625,55135.86328125,13.707896072793602,13.644706767407417,19.92485656081836
Cylindrical_Pores,0.6822407407407407,53476.23828125,13.35461469038216,13.229950576239295,17.093631962782727
Cylindrical_Pores,0.6822407407407407,53476.23828125,13.35461469038216,13.229950576239297,17.093631962782727
Cylindrical_Pores,0.6822407407407407,53476.23828125,13.35461469038216,13.229950576239299,17.093631962782727
Cylindrical_Pores,0.6822407407407407,53476.23828125,13.35461469038216,13.229950576239293,17.093631962782727
Cylindrical_Pores,0.6838796296296297,67859.40625,13.165330134007505,13.73128636870215,22.04540616793228
Cylindrical_Pores,0.6838796296296297,67859.40625,13.165330134007505,13.731286368702158,22.04540616793228
Cylindrical_Pores,0.6838796296296297,67859.40625,13.165330134007505,13.731286368702156,22.04540616793228
Cylindrical_Pores,0.6838796296296297,67859.40625,13.165330134007505,13.731286368702156,22.04540616793228
Cylindrical_Pores,0.6885659722222223,50933.140625,13.961679021456963,14.023073399646831,20.346989956274715
Cylindrical_Pores,0.6885659722222223,50933.140625,13.961679021456963,14.023073399646835,20.346989956274715
Cylindrical_Pores,0.6885659722222223,50933.140625,13.961679021456963,14.023073399646828,20.346989956274715
Cylindrical_Pores,0.6885659722222223,50933.140625,13.961679021456963,14.023073399646833,20.346989956274715
Cylindrical_Pores,0.6800543981481482,33308.0390625,13.463397929451002,13.521514672054051,17.246192260987254
Cylindrical_Pores,0.6800543981481482,33308.0390625,13.463397929451002,13.521514672054062,17.246192260987254
Cylindrical_Pores,0.6800543981481482,33308.0390625,13.463397929451002,13.521514672054055,17.246192260987254
Cylindrical_Pores,0.6800543981481482,33308.0390625,13.463397929451002,13.521514672054057,17.246192260987254
Cylindrical_Pores,0.6825665509259259,85586.1953125,14.131101909419062,15.795555770070965,23.99999957896438
Cylindrical_Pores,0.6825665509259259,85586.1953125,14.131101909419062,15.795555770070967,23.99999957896438
Cylindrical_Pores,0.6825665509259259,85586.1953125,14.131101909419062,15.795555770070965,23.99999957896438
Cylindrical_Pores,0.6825665509259259,85586.1953125,14.131101909419062,15.795555770070965,23.99999957896438
Cylindrical_Pores,0.691089699074074,60591.4296875,14.908655842783428,15.278936929933682,21.931713268527144
Cylindrical_Pores,0.691089699074074,60591.4296875,14.908655842783428,15.278936929933701,21.931713268527144
Cylindrical_Pores,0.691089699074074,60591.4296875,14.908655842783428,15.278936929933689,21.931713268527144
Cylindrical_Pores,0.691089699074074,60591.4296875,14.908655842783428,15.278936929933682,21.931713268527144
Cylindrical_Pores,0.6850862268518518,36648.01171875,14.922207923695941,15.208507126598578,21.95449885403958
Cylindrical_Pores,0.6850862268518518,36648.0078125,14.922207923695941,15.208507126598565,21.95449885403958
Cylindrical_Pores,0.6850862268518518,36648.0078125,14.922207923695941,15.208507126598574,21.95449885403958
Cylindrical_Pores,0.6850862268518518,36648.01171875,14.922207923695941,15.20850712659857,21.95449885403958
Cylindrical_Pores,0.6859027777777778,62120.71875,12.521819688262422,15.063080158547752,24.351588699556103
Cylindrical_Pores,0.6859027777777778,62120.71875,12.521819688262422,15.06308015854776,24.351588699556103
Cylindrical_Pores,0.6859027777777778,62120.71875,12.521819688262422,15.06308015854776,24.351588699556103
Cylindrical_Pores,0.6859027777777778,62120.71875,12.521819688262422,15.063080158547752,24.351588699556103
Cylindrical_Pores,0.6818738425925925,54739.859375,14.867901995388461,15.021563769394835,21.86321024206805
Cylindrical_Pores,0.6818738425925925,54739.859375,14.867901995388461,15.021563769394843,21.86321024206805
Cylindrical_Pores,0.6818738425925925,54739.859375,14.867901995388461,15.021563769394843,21.86321024206805
Cylindrical_Pores,0.6818738425925925,54739.859375,14.867901995388461,15.021563769394842,21.86321024206805
Cylindrical_Pores,0.6901892361111112,86919.9765625,14.295871769755601,15.152559157343452,18.417501137115153
Cylindrical_Pores,0.6901892361111112,86919.96875,14.295871769755601,15.152559157343461,18.417501137115153
Cylindrical_Pores,0.6901892361111112,86919.96875,14.295871769755601,15.152559157343461,18.417501137115153
Cylindrical_Pores,0.6901892361111112,86919.9765625,14.295871769755601,15.15255915734347,18.417501137115153
Cylindrical_Pores,0.6901510416666666,83037.8125,14.352972277228265,15.226028303079756,20.99999796198515
Cylindrical_Pores,0.6901510416666666,83037.8125,14.352972277228265,15.226028303079753,20.99999796198515
Cylindrical_Pores,0.6901510416666666,83037.8125,14.352972277228265,15.22602830307976,20.99999796198515
Cylindrical_Pores,0.6901510416666666,83037.828125,14.352972277228265,15.22602830307976,20.99999796198515
Cylindrical_Pores,0.6890879629629629,86073.859375,14.813235451805427,16.491396767108867,22.19460471931981
Cylindrical_Pores,0.6890879629629629,86073.8671875,14.813235451805427,16.49139676710886,22.19460471931981
Cylindrical_Pores,0.6890879629629629,86073.8671875,14.813235451805427,16.491396767108863,22.19460471931981
Cylindrical_Pores,0.6890879629629629,86073.859375,14.813235451805427,16.49139676710885,22.19460471931981
Cylindrical_Pores,0.6805300925925926,70696.953125,13.809095390310057,15.135209391853452,23.345236372957952
Cylindrical_Pores,0.6805300925925926,70696.953125,13.809095390310057,15.135209391853444,23.345236372957952
Cylindrical_Pores,0.6805300925925926,70696.953125,13.809095390310057,15.13520939185346,23.345236372957952
Cylindrical_Pores,0.6805300925925926,70696.953125,13.809095390310057,15.135209391853456,23.345236372957952
Cylindrical_Pores,0.6877980324074074,77187.96875,13.74554667476302,15.134120257846927,20.36508932864802
Cylindrical_Pores,0.6877980324074074,77187.96875,13.74554667476302,15.134120257846927,20.36508932864802
Cylindrical_Pores,0.6877980324074074,77187.96875,13.74554667476302,15.134120257846918,20.36508932864802
Cylindrical_Pores,0.6877980324074074,77187.96875,13.74554667476302,15.134120257846922,20.36508932864802
Cylindrical_Grains,0.6742523148148148,35962.390625,6.232079092102986,9.654637557174318,16.536256485424907
Cylindrical_Grains,0.6742523148148148,35962.390625,6.232079092102986,9.654637557174322,16.536256485424907
Cylindrical_Grains,0.6742523148148148,35962.38671875,6.232079092102986,9.654637557174327,16.536256485424907
Cylindrical_Grains,0.6742523148148148,35962.38671875,6.232079092102986,9.654637557174327,16.536256485424907
Cylindrical_Grains,0.6720688657407408,29019.462890625,6.538302701975839,9.699371882376088,21.86213329922846
Cylindrical_Grains,0.6720688657407408,29019.462890625,6.538302701975839,9.699371882376088,21.86213329922846
Cylindrical_Grains,0.6720688657407408,29019.462890625,6.538302701975839,9.699371882376086,21.86213329922846
Cylindrical_Grains,0.6720688657407408,29019.46875,6.538302701975839,9.699371882376084,21.86213329922846
Cylindrical_Grains,0.6699774305555556,27829.525390625,6.431445171156247,9.583797858106529,17.354275052484624
Cylindrical_Grains,0.6699774305555556,27829.525390625,6.431445171156247,9.583797858106529,17.354275052484624
Cylindrical_Grains,0.6699774305555556,27829.525390625,6.431445171156247,9.583797858106527,17.354275052484624
Cylindrical_Grains,0.6699774305555556,27829.525390625,6.431445171156247,9.583797858106529,17.354275052484624
Cylindrical_Grains,0.6736296296296296,30440.791015625,6.186353390844623,9.96762420886019,22.737632511014166
Cylindrical_Grains,0.6736296296296296,30440.7890625,6.186353390844623,9.967624208860181,22.737632511014166
Cylindrical_Grains,0.6736296296296296,30440.791015625,6.186353390844623,9.967624208860181,22.737632511014166
Cylindrical_Grains,0.6736296296296296,30440.791015625,6.186353390844623,9.967624208860183,22.737632511014166
Cylindrical_Grains,0.6741348379629629,36291.3046875,7.02710568876608,10.24140901421273,18.627935614267468
Cylindrical_Grains,0.6741348379629629,36291.3046875,7.02710568876608,10.241409014212724,18.627935614267468
Cylindrical_Grains,0.6741348379629629,36291.3125,7.02710568876608,10.24140901421273,18.627935614267468
Cylindrical_Grains,0.6741348379629629,36291.3125,7.02710568876608,10.241409014212724,18.627935614267468
Cylindrical_Grains,0.6749733796296297,24884.359375,6.968774749878847,10.236395786389943,22.3383084499535
Cylindrical_Grains,0.6749733796296297,24884.359375,6.968774749878847,10.23639578638994,22.3383084499535
Cylindrical_Grains,0.6749733796296297,24884.359375,6.968774749878847,10.23639578638994,22.3383084499535
Cylindrical_Grains,0.6749733796296297,24884.359375,6.968774749878847,10.236395786389947,22.3383084499535
Cylindrical_Grains,0.6726579861111112,22721.328125,6.2856160724848085,10.070441240330537,23.36664256997085
Cylindrical_Grains,0.6726579861111112,22721.328125,6.2856160724848085,10.070441240330542,23.36664256997085
Cylindrical_Grains,0.6726579861111112,22721.328125,6.2856160724848085,10.070441240330542,23.36664256997085
Cylindrical_Grains,0.6726579861111112,22721.328125,6.2856160724848085,10.070441240330537,23.36664256997085
Cylindrical_Grains,0.671583912037037,29527.65234375,7.98613974497273,10.112042392335702,16.62680312316026
Cylindrical_Grains,0.671583912037037,29527.65234375,7.98613974497273,10.11204239233571,16.62680312316026
Cylindrical_Grains,0.671583912037037,29527.65234375,7.98613974497273,10.112042392335706,16.62680312316026
Cylindrical_Grains,0.671583912037037,29527.65234375,7.98613974497273,10.112042392335702,16.62680312316026
Cylindrical_Grains,0.6740711805555556,31228.865234375,6.611489423197061,9.379480867202282,15.107070451545495
Cylindrical_Grains,0.6740711805555556,31228.865234375,6.611489423197061,9.379480867202284,15.107070451545495
Cylindrical_Grains,0.6740711805555556,31228.865234375,6.611489423197061,9.379480867202286,15.107070451545495
Cylindrical_Grains,0.6740711805555556,31228.865234375,6.611489423197061,9.379480867202286,15.107070451545495
Cylindrical_Grains,0.6724571759259259,25453.91015625,6.649399662180584,9.635923028565108,17.14642781666828
Cylindrical_Grains,0.6724571759259259,25453.91015625,6.649399662180584,9.635923028565111,17.14642781666828
Cylindrical_Grains,0.6724571759259259,25453.91015625,6.649399662180584,9.635923028565106,17.14642781666828
Cylindrical_Grains,0.6724571759259259,25453.91015625,6.649399662180584,9.63592302856511,17.14642781666828
Cylindrical_Grains,0.6644872685185185,48529.03125,9.34847380950318,13.435206902210076,24.85648869028202
Cylindrical_Grains,0.6644872685185185,48529.03125,9.34847380950318,13.435206902210076,24.85648869028202
Cylindrical_Grains,0.6644872685185185,48529.03125,9.34847380950318,13.435206902210084,24.85648869028202
Cylindrical_Grains,0.6644872685185185,48529.03125,9.34847380950318,13.435206902210076,24.85648869028202
Cylindrical_Grains,0.614765625,47764.5703125,8.871471824700828,12.590147985028658,19.168246572325632
Cylindrical_Grains,0.614765625,47764.5703125,8.871471824700828,12.590147985028654,19.168246572325632
Cylindrical_Grains,0.614765625,47764.5703125,8.871471824700828,12.590147985028658,19.168246572325632
Cylindrical_Grains,0.614765625,47764.5703125,8.871471824700828,12.590147985028667,19.168246572325632
Cylindrical_Grains,0.6650347222222223,55443.89453125,9.665071123783335,12.669682604478945,21.524074432193792
Cylindrical_Grains,0.6650347222222223,55443.89453125,9.665071123783335,12.669682604478949,21.524074432193792
Cylindrical_Grains,0.6650347222222223,55443.8828125,9.665071123783335,12.669682604478949,21.524074432193792
Cylindrical_Grains,0.6650347222222223,55443.89453125,9.665071123783335,12.669682604478947,21.524074432193792
Cylindrical_Grains,0.6661163194444445,51316.83203125,9.941881009532372,13.009402316806199,21.377557401544117
Cylindrical_Grains,0.6661163194444445,51316.83203125,9.941881009532372,13.009402316806195,21.377557401544117
Cylindrical_Grains,0.6661163194444445,51316.83203125,9.941881009532372,13.009402316806208,21.377557401544117
Cylindrical_Grains,0.6661163194444445,51316.83203125,9.941881009532372,13.009402316806197,21.377557401544117
Cylindrical_Grains,0.673933449074074,60472.94921875,9.104817960839833,14.767663463008796,34.26368172817422
Cylindrical_Grains,0.673933449074074,60472.94921875,9.104817960839833,14.767663463008807,34.26368172817422
Cylindrical_Grains,0.673933449074074,60472.94921875,9.104817960839833,14.767663463008804,34.26368172817422
Cylindrical_Grains,0.673933449074074,60472.94921875,9.104817960839833,14.767663463008791,34.26368172817422
Cylindrical_Grains,0.6282413194444444,34489.24609375,8.112979951298882,11.9826146645789,23.108438719307888
Cylindrical_Grains,0.6282413194444444,34489.24609375,8.112979951298882,11.982614664578906,23.108438719307888
Cylindrical_Grains,0.6282413194444444,34489.24609375,8.112979951298882,11.9826146645789,23.108438719307888
Cylindrical_Grains,0.6282413194444444,34489.24609375,8.112979951298882,11.98261466457891,23.108438719307888
Cylindrical_Grains,0.6664803240740741,62584.078125,9.59673503378567,13.334385868361194,24.351588699556103
Cylindrical_Grains,0.6664803240740741,62584.078125,9.59673503378567,13.3343858683612,24.351588699556103
Cylindrical_Grains,0.6664803240740741,62584.078125,9.59673503378567,13.334385868361194,24.351588699556103
Cylindrical_Grains,0.6664803240740741,62584.078125,9.59673503378567,13.334385868361196,24.351588699556103
Cylindrical_Grains,0.6727361111111111,64291.140625,10.541366684181005,13.613566374286203,24.205795686270484
Cylindrical_Grains,0.6727361111111111,64291.140625,10.541366684181005,13.613566374286206,24.205795686270484
Cylindrical_Grains,0.6727361111111111,64291.125,10.541366684181005,13.613566374286206,24.205795686270484
Cylindrical_Grains,0.6727361111111111,64291.140625,10.541366684181005,13.613566374286199,24.205795686270484
Cylindrical_Grains,0.6718813657407408,71545.890625,9.902985043530157,13.744605870894723,25.455842072462477
Cylindrical_Grains,0.6718813657407408,71545.890625,9.902985043530157,13.744605870894716,25.455842072462477
Cylindrical_Grains,0.6718813657407408,71545.890625,9.902985043530157,13.744605870894718,25.455842072462477
Cylindrical_Grains,0.6718813657407408,71545.8984375,9.902985043530157,13.744605870894718,25.455842072462477
Cylindrical_Grains,0.6653061342592592,60042.203125,9.851459818846392,13.135950535139822,18.598288339130452
Cylindrical_Grains,0.6653061342592592,60042.203125,9.851459818846392,13.135950535139825,18.598288339130452
Cylindrical_Grains,0.6653061342592592,60042.203125,9.851459818846392,13.135950535139823,18.598288339130452
Cylindrical_Grains,0.6653061342592592,60042.203125,9.851459818846392,13.135950535139825,18.598288339130452
Cylindrical_Grains,0.5747268518518519,19399.439453125,7.097083192561094,10.132953247012297,22.99999987979638
Cylindrical_Grains,0.5747268518518519,19399.439453125,7.097083192561094,10.132953247012294,22.99999987979638
Cylindrical_Grains,0.5747268518518519,19399.439453125,7.097083192561094,10.132953247012292,22.99999987979638
Cylindrical_Grains,0.5747268518518519,19399.439453125,7.097083192561094,10.13295324701229,22.99999987979638
Cylindrical_Grains,0.5786701388888889,30250.35546875,6.452197337258143,9.992537842054887,19.74841415899561
Cylindrical_Grains,0.5786701388888889,30250.359375,6.452197337258143,9.992537842054888,19.74841415899561
Cylindrical_Grains,0.5786701388888889,30250.35546875,6.452197337258143,9.992537842054894,19.74841415899561
Cylindrical_Grains,0.5786701388888889,30250.35546875,6.452197337258143,9.992537842054885,19.74841415899561
Cylindrical_Grains,0.5766001157407408,23098.986328125,6.7048186066461914,10.652006823539448,20.99999796198515
Cylindrical_Grains,0.5766001157407408,23098.986328125,6.7048186066461914,10.652006823539454,20.99999796198515
Cylindrical_Grains,0.5766001157407408,23098.986328125,6.7048186066461914,10.652006823539452,20.99999796198515
Cylindrical_Grains,0.5766001157407408,23098.986328125,6.7048186066461914,10.652006823539455,20.99999796198515
Cylindrical_Grains,0.5753171296296297,19650.3515625,6.868285482355257,9.582102660581809,18.000000106278666
Cylindrical_Grains,0.5753171296296297,19650.353515625,6.868285482355257,9.582102660581807,18.000000106278666
Cylindrical_Grains,0.5753171296296297,19650.3515625,6.868285482355257,9.582102660581802,18.000000106278666
Cylindrical_Grains,0.5753171296296297,19650.3515625,6.868285482355257,9.582102660581802,18.000000106278666
Cylindrical_Grains,0.5735347222222222,22430.46484375,6.728482986574157,10.291620653049574,18.598288339130452
Cylindrical_Grains,0.5735347222222222,22430.466796875,6.728482986574157,10.291620653049579,18.598288339130452
Cylindrical_Grains,0.5735347222222222,22430.46484375,6.728482986574157,10.291620653049574,18.598288339130452
Cylindrical_Grains,0.5735347222222222,22430.466796875,6.728482986574157,10.291620653049574,18.598288339130452
Cylindrical_Grains,0.5773234953703704,14210.6572265625,7.708239176142796,10.508650427954706,18.836407349720062
Cylindrical_Grains,0.5773234953703704,14210.6572265625,7.708239176142796,10.508650427954713,18.836407349720062
Cylindrical_Grains,0.5773234953703704,14210.6572265625,7.708239176142796,10.508650427954715,18.836407349720062
Cylindrical_Grains,0.5773234953703704,14210.6591796875,7.708239176142796,10.508650427954711,18.836407349720062
Cylindrical_Grains,0.569021412037037,16740.814453125,6.528744789555616,9.410262572536517,20.124611611398148
Cylindrical_Grains,0.569021412037037,16740.814453125,6.528744789555616,9.410262572536517,20.124611611398148
Cylindrical_Grains,0.569021412037037,16740.814453125,6.528744789555616,9.410262572536517,20.124611611398148
Cylindrical_Grains,0.569021412037037,16740.814453125,6.528744789555616,9.410262572536517,20.124611611398148
Cylindrical_Grains,0.5763819444444445,16784.759765625,7.0292933643604085,10.29308450248644,22.64950265328326
Cylindrical_Grains,0.5763819444444445,16784.759765625,7.0292933643604085,10.293084502486451,22.64950265328326
Cylindrical_Grains,0.5763819444444445,16784.7578125,7.0292933643604085,10.293084502486447,22.64950265328326
Cylindrical_Grains,0.5763819444444445,16784.759765625,7.0292933643604085,10.293084502486444,22.64950265328326
Cylindrical_Grains,0.5767719907407407,23437.06640625,6.8030017136627245,10.072499577157641,21.49418233004674
Cylindrical_Grains,0.5767719907407407,23437.06640625,6.8030017136627245,10.07249957715764,21.49418233004674
Cylindrical_Grains,0.5767719907407407,23437.06640625,6.8030017136627245,10.072499577157645,21.49418233004674
Cylindrical_Grains,0.5767719907407407,23437.06640625,6.8030017136627245,10.072499577157643,21.49418233004674
Cylindrical_Grains,0.5759872685185186,21615.015625,6.472805475175705,9.85982556867516,19.8494322322901
Cylindrical_Grains,0.5759872685185186,21615.015625,6.472805475175705,9.85982556867516,19.8494322322901
Cylindrical_Grains,0.5759872685185186,21615.015625,6.472805475175705,9.859825568675157,19.8494322322901
Cylindrical_Grains,0.5759872685185186,21615.015625,6.472805475175705,9.859825568675157,19.8494322322901
Cylindrical_Grains,0.5689797453703703,43636.4140625,9.799158994864744,12.88264303770589,21.929066623586174
Cylindrical_Grains,0.5689797453703703,43636.40625,9.799158994864744,12.882643037705888,21.929066623586174
Cylindrical_Grains,0.5689797453703703,43636.4140625,9.799158994864744,12.882643037705895,21.929066623586174
Cylindrical_Grains,0.5689797453703703,43636.4140625,9.799158994864744,12.882643037705888,21.929066623586174
Cylindrical_Grains,0.5700353009259259,43753.59765625,8.653496957200362,12.864738330344267,25.455842072462477
Cylindrical_Grains,0.5700353009259259,43753.59765625,8.653496957200362,12.864738330344265,25.455842072462477
Cylindrical_Grains,0.5700353009259259,43753.59375,8.653496957200362,12.864738330344272,25.455842072462477
Cylindrical_Grains,0.5700353009259259,43753.59765625,8.653496957200362,12.86473833034427,25.455842072462477
Cylindrical_Grains,0.5667991898148148,32133.576171875,9.777043063785761,13.602180424567244,21.86213329922846
Cylindrical_Grains,0.5667991898148148,32133.576171875,9.777043063785761,13.602180424567253,21.86213329922846
Cylindrical_Grains,0.5667991898148148,32133.576171875,9.777043063785761,13.602180424567248,21.86213329922846
Cylindrical_Grains,0.5667991898148148,32133.576171875,9.777043063785761,13.602180424567248,21.86213329922846
Cylindrical_Grains,0.5707222222222222,25105.26953125,8.232746601238414,12.037895090192977,23.62202487253494
Cylindrical_Grains,0.5707222222222222,25105.271484375,8.232746601238414,12.037895090192977,23.62202487253494
Cylindrical_Grains,0.5707222222222222,25105.26953125,8.232746601238414,12.03789509019297,23.62202487253494
Cylindrical_Grains,0.5707222222222222,25105.271484375,8.232746601238414,12.037895090192974,23.62202487253494
Cylindrical_Grains,0.5685347222222222,25026.560546875,8.97110071532102,12.560591400668665,26.870057670963686
Cylindrical_Grains,0.5685347222222222,25026.560546875,8.97110071532102,12.56059140066867,26.870057670963686
Cylindrical_Grains,0.5685347222222222,25026.560546875,8.97110071532102,12.560591400668661,26.870057670963686
Cylindrical_Grains,0.5685347222222222,25026.560546875,8.97110071532102,12.560591400668663,26.870057670963686
Cylindrical_Grains,0.5630584490740741,33863.6171875,8.839036635283756,11.199396549057624,18.27566738046485
Cylindrical_Grains,0.5630584490740741,33863.6171875,8.839036635283756,11.199396549057619,18.27566738046485
Cylindrical_Grains,0.5630584490740741,33863.625,8.839036635283756,11.199396549057624,18.27566738046485
Cylindrical_Grains,0.5630584490740741,33863.6171875,8.839036635283756,11.199396549057616,18.27566738046485
Cylindrical_Grains,0.5736608796296296,39686.9140625,8.508642447465876,12.473985810327909,21.710715876842958
Cylindrical_Grains,0.5736608796296296,39686.9140625,8.508642447465876,12.473985810327921,21.710715876842958
Cylindrical_Grains,0.5736608796296296,39686.91015625,8.508642447465876,12.473985810327909,21.710715876842958
Cylindrical_Grains,0.5736608796296296,39686.91015625,8.508642447465876,12.473985810327916,21.710715876842958
Cylindrical_Grains,0.5600017361111111,34397.953125,7.476744239261293,11.943512311256704,21.86213329922846
Cylindrical_Grains,0.5600017361111111,34397.94921875,7.476744239261293,11.943512311256695,21.86213329922846
Cylindrical_Grains,0.5600017361111111,34397.953125,7.476744239261293,11.943512311256695,21.86213329922846
Cylindrical_Grains,0.5600017361111111,34397.953125,7.476744239261293,11.943512311256695,21.86213329922846
Cylindrical_Grains,0.568787037037037,32837.81640625,8.910999026262957,12.083342344199455,21.931713268527144
Cylindrical_Grains,0.568787037037037,32837.8125,8.910999026262957,12.083342344199455,21.931713268527144
Cylindrical_Grains,0.568787037037037,32837.81640625,8.910999026262957,12.083342344199455,21.931713268527144
Cylindrical_Grains,0.568787037037037,32837.81640625,8.910999026262957,12.083342344199444,21.931713268527144
Cylindrical_Grains,0.5663964120370371,38879.25390625,8.924103388495105,12.558611717593253,21.977259851978424
Cylindrical_Grains,0.5663964120370371,38879.25390625,8.924103388495105,12.558611717593251,21.977259851978424
Cylindrical_Grains,0.5663964120370371,38879.25390625,8.924103388495105,12.558611717593253,21.977259851978424
Cylindrical_Grains,0.5663964120370371,38879.26171875,8.924103388495105,12.558611717593253,21.977259851978424
Cylindrical_Grains,0.5500850694444445,51866.484375,9.698910375329152,13.469868097205476,21.626094860197565
Cylindrical_Grains,0.5500850694444445,51866.484375,9.698910375329152,13.469868097205461,21.626094860197565
Cylindrical_Grains,0.5500850694444445,51866.484375,9.698910375329152,13.469868097205461,21.626094860197565
Cylindrical_Grains,0.5500850694444445,51866.484375,9.698910375329152,13.469868097205472,21.626094860197565
Cylindrical_Grains,0.5725868055555555,48217.16796875,10.871400360995597,13.967971593695165,24.083188581716836
Cylindrical_Grains,0.5725868055555555,48217.16796875,10.871400360995597,13.967971593695156,24.083188581716836
Cylindrical_Grains,0.5725868055555555,48217.16796875,10.871400360995597,13.967971593695156,24.083188581716836
Cylindrical_Grains,0.5725868055555555,48217.16796875,10.871400360995597,13.96797159369515,24.083188581716836
Cylindrical_Grains,0.4835347222222222,13157.0302734375,7.368063496332857,11.05318290757546,17.653078595683088
Cylindrical_Grains,0.4835347222222222,13157.0302734375,7.368063496332857,11.053182907575456,17.653078595683088
Cylindrical_Grains,0.4835347222222222,13157.0302734375,7.368063496332857,11.053182907575458,17.653078595683088
Cylindrical_Grains,0.4835347222222222,13157.0302734375,7.368063496332857,11.053182907575456,17.653078595683088
Cylindrical_Grains,0.47233854166666667,15427.6083984375,6.50852574795781,10.009003463820513,20.02498519339294
Cylindrical_Grains,0.47233854166666667,15427.6083984375,6.50852574795781,10.009003463820507,20.02498519339294
Cylindrical_Grains,0.47233854166666667,15427.6083984375,6.50852574795781,10.00900346382051,20.02498519339294
Cylindrical_Grains,0.47233854166666667,15427.6083984375,6.50852574795781,10.00900346382051,20.02498519339294
Cylindrical_Grains,0.47100578703703705,15677.61328125,7.713845344794253,10.961213764101384,18.856103710176306
Cylindrical_Grains,0.47100578703703705,15677.61328125,7.713845344794253,10.961213764101377,18.856103710176306
Cylindrical_Grains,0.47100578703703705,15677.61328125,7.713845344794253,10.961213764101382,18.856103710176306
Cylindrical_Grains,0.47100578703703705,15677.61328125,7.713845344794253,10.96121376410138,18.856103710176306
Cylindrical_Grains,0.47663946759259257,9687.4208984375,7.862223821919405,11.516332636302534,22.04540616793228
Cylindrical_Grains,0.47663946759259257,9687.4208984375,7.862223821919405,11.516332636302536,22.04540616793228
Cylindrical_Grains,0.47663946759259257,9687.4208984375,7.862223821919405,11.516332636302536,22.04540616793228
Cylindrical_Grains,0.47663946759259257,9687.4208984375,7.862223821919405,11.516332636302536,22.04540616793228
Cylindrical_Grains,0.46955266203703705,8026.263671875,6.504528069576486,10.602120352402919,24.779025075214648
Cylindrical_Grains,0.46955266203703705,8026.2626953125,6.504528069576486,10.602120352402922,24.779025075214648
Cylindrical_Grains,0.46955266203703705,8026.263671875,6.504528069576486,10.60212035240292,24.779025075214648
Cylindrical_Grains,0.46955266203703705,8026.263671875,6.504528069576486,10.602120352402915,24.779025075214648
Cylindrical_Grains,0.4788703703703704,20390.830078125,7.708239176142796,10.934930374043937,18.836407349720062
Cylindrical_Grains,0.4788703703703704,20390.830078125,7.708239176142796,10.934930374043937,18.836407349720062
Cylindrical_Grains,0.4788703703703704,20390.830078125,7.708239176142796,10.934930374043937,18.836407349720062
Cylindrical_Grains,0.4788703703703704,20390.830078125,7.708239176142796,10.93493037404393,18.836407349720062
Cylindrical_Grains,0.4768559027777778,15655.2177734375,6.868285482355257,10.370345669024289,18.000000106278666
Cylindrical_Grains,0.4768559027777778,15655.220703125,6.868285482355257,10.37034566902429,18.000000106278666
Cylindrical_Grains,0.4768559027777778,15655.2177734375,6.868285482355257,10.370345669024292,18.000000106278666
Cylindrical_Grains,0.4768559027777778,15655.220703125,6.868285482355257,10.370345669024289,18.000000106278666
Cylindrical_Grains,0.47409548611111113,21994.373046875,7.040580797606009,9.990871332191993,16.536256485424907
Cylindrical_Grains,0.47409548611111113,21994.373046875,7.040580797606009,9.990871332191988,16.536256485424907
Cylindrical_Grains,0.47409548611111113,21994.373046875,7.040580797606009,9.990871332191992,16.536256485424907
Cylindrical_Grains,0.47409548611111113,21994.375,7.040580797606009,9.990871332191993,16.536256485424907
Cylindrical_Grains,0.4742488425925926,14719.013671875,7.680085279504678,11.582547925811651,21.283794824634345
Cylindrical_Grains,0.4742488425925926,14719.013671875,7.680085279504678,11.58254792581165,21.283794824634345
Cylindrical_Grains,0.4742488425925926,14719.013671875,7.680085279504678,11.582547925811646,21.283794824634345
Cylindrical_Grains,0.4742488425925926,14719.013671875,7.680085279504678,11.58254792581165,21.283794824634345
Cylindrical_Grains,0.47475694444444444,16517.33203125,7.565355146532131,11.273068347972233,20.808653590992616
Cylindrical_Grains,0.47475694444444444,16517.330078125,7.565355146532131,11.273068347972234,20.808653590992616
Cylindrical_Grains,0.47475694444444444,16517.330078125,7.565355146532131,11.273068347972233,20.808653590992616
Cylindrical_Grains,0.47475694444444444,16517.330078125,7.565355146532131,11.273068347972238,20.808653590992616
Cylindrical_Grains,0.46459664351851854,19310.849609375,7.368063496332857,11.373411735011842,17.653078595683088
Cylindrical_Grains,0.46459664351851854,19310.849609375,7.368063496332857,11.373411735011846,17.653078595683088
Cylindrical_Grains,0.46459664351851854,19310.849609375,7.368063496332857,11.373411735011844,17.653078595683088
Cylindrical_Grains,0.46459664351851854,19310.849609375,7.368063496332857,11.373411735011844,17.653078595683088
Cylindrical_Grains,0.4717511574074074,7794.71142578125,7.476744239261293,12.18127422660323,21.86213329922846
Cylindrical_Grains,0.4717511574074074,7794.71142578125,7.476744239261293,12.181274226603229,21.86213329922846
Cylindrical_Grains,0.4717511574074074,7794.71142578125,7.476744239261293,12.181274226603223,21.86213329922846
Cylindrical_Grains,0.4717511574074074,7794.71142578125,7.476744239261293,12.181274226603223,21.86213329922846
Cylindrical_Grains,0.4713819444444444,13028.2900390625,7.605904733908999,11.263430476097442,20.97617618727843
Cylindrical_Grains,0.4713819444444444,13028.2900390625,7.605904733908999,11.263430476097454,20.97617618727843
Cylindrical_Grains,0.4713819444444444,13028.2890625,7.605904733908999,11.263430476097442,20.97617618727843
Cylindrical_Grains,0.4713819444444444,13028.2900390625,7.605904733908999,11.263430476097447,20.97617618727843
Cylindrical_Grains,0.47671006944444444,14598.5634765625,7.08448182471396,11.041077644552184,20.128237059800266
Cylindrical_Grains,0.47671006944444444,14598.5634765625,7.08448182471396,11.04107764455218,20.128237059800266
Cylindrical_Grains,0.47671006944444444,14598.5634765625,7.08448182471396,11.041077644552178,20.128237059800266
Cylindrical_Grains,0.47671006944444444,14598.5634765625,7.08448182471396,11.041077644552178,20.128237059800266
Cylindrical_Grains,0.4749363425925926,24428.064453125,7.453039915405537,11.423379843151688,20.346989956274715
Cylindrical_Grains,0.4749363425925926,24428.0625,7.453039915405537,11.423379843151686,20.346989956274715
Cylindrical_Grains,0.4749363425925926,24428.0625,7.453039915405537,11.423379843151693,20.346989956274715
Cylindrical_Grains,0.4749363425925926,24428.0625,7.453039915405537,11.423379843151688,20.346989956274715
Cylindrical_Grains,0.47361631944444443,26414.48046875,8.347625265445586,11.497254010688472,17.653078595683088
Cylindrical_Grains,0.47361631944444443,26414.48046875,8.347625265445586,11.497254010688474,17.653078595683088
Cylindrical_Grains,0.47361631944444443,26414.48046875,8.347625265445586,11.497254010688483,17.653078595683088
Cylindrical_Grains,0.47361631944444443,26414.48046875,8.347625265445586,11.497254010688474,17.653078595683088
Cylindrical_Grains,0.4724143518518519,20815.283203125,7.318611253913834,10.916645410453755,19.798989199069226
Cylindrical_Grains,0.4724143518518519,20815.283203125,7.318611253913834,10.916645410453755,19.798989199069226
Cylindrical_Grains,0.4724143518518519,20815.283203125,7.318611253913834,10.91664541045375,19.798989199069226
Cylindrical_Grains,0.4724143518518519,20815.283203125,7.318611253913834,10.916645410453752,19.798989199069226
Cylindrical_Grains,0.46549247685185186,7623.39990234375,8.370427264215246,13.920658725339756,29.94995698925324
Cylindrical_Grains,0.46549247685185186,7623.39990234375,8.370427264215246,13.920658725339758,29.94995698925324
Cylindrical_Grains,0.46549247685185186,7623.39990234375,8.370427264215246,13.920658725339754,29.94995698925324
Cylindrical_Grains,0.46549247685185186,7623.39990234375,8.370427264215246,13.920658725339756,29.94995698925324
Cylindrical_Grains,0.48004861111111113,21734.01953125,7.3434200466721204,10.440119647034752,19.899747053699613
Cylindrical_Grains,0.48004861111111113,21734.01953125,7.3434200466721204,10.440119647034745,19.899747053699613
Cylindrical_Grains,0.48004861111111113,21734.01953125,7.3434200466721204,10.44011964703475,19.899747053699613
Cylindrical_Grains,0.48004861111111113,21734.01953125,7.3434200466721204,10.44011964703475,19.899747053699613
Cylindrical_Grains,0.47276967592592595,21892.955078125,8.265589245899212,11.997077519519232,19.72308307144342
Cylindrical_Grains,0.47276967592592595,21892.955078125,8.265589245899212,11.997077519519227,19.72308307144342
Cylindrical_Grains,0.47276967592592595,21892.955078125,8.265589245899212,11.997077519519227,19.72308307144342
Cylindrical_Grains,0.47276967592592595,21892.955078125,8.265589245899212,11.997077519519229,19.72308307144342
Cylindrical_Grains,0.4735457175925926,19370.875,8.635654746601064,13.299018797445852,25.377153485664522
Cylindrical_Grains,0.4735457175925926,19370.875,8.635654746601064,13.299018797445848,25.377153485664522
Cylindrical_Grains,0.4735457175925926,19370.880859375,8.635654746601064,13.299018797445845,25.377153485664522
Cylindrical_Grains,0.4735457175925926,19370.875,8.635654746601064,13.299018797445841,25.377153485664522
Cylindrical_Grains,0.47472627314814814,48503.0859375,9.870414098811112,13.301603196015504,22.145080823567117
Cylindrical_Grains,0.47472627314814814,48503.0859375,9.870414098811112,13.30160319601551,22.145080823567117
Cylindrical_Grains,0.47472627314814814,48503.07421875,9.870414098811112,13.301603196015511,22.145080823567117
Cylindrical_Grains,0.47472627314814814,48503.07421875,9.870414098811112,13.301603196015517,22.145080823567117
Cylindrical_Grains,0.4770462962962963,8102.375,9.804672437421349,13.79547333971937,25.099798977604703
Cylindrical_Grains,0.4770462962962963,8102.3759765625,9.804672437421349,13.79547333971936,25.099798977604703
Cylindrical_Grains,0.4770462962962963,8102.3759765625,9.804672437421349,13.795473339719365,25.099798977604703
Cylindrical_Grains,0.4770462962962963,8102.375,9.804672437421349,13.795473339719363,25.099798977604703
Cylindrical_Grains,0.4404722222222222,14018.9775390625,7.120367766757807,11.293717250201865,16.806304838990258
Cylindrical_Grains,0.4404722222222222,14018.9765625,7.120367766757807,11.293717250201864,16.806304838990258
Cylindrical_Grains,0.4404722222222222,14018.9765625,7.120367766757807,11.293717250201865,16.806304838990258
Cylindrical_Grains,0.4404722222222222,14018.9765625,7.120367766757807,11.29371725020186,16.806304838990258
Cylindrical_Grains,0.46142766203703706,28703.96875,8.831620257229485,13.045112465249593,21.656408190966104
Cylindrical_Grains,0.46142766203703706,28703.96484375,8.831620257229485,13.045112465249593,21.656408190966104
Cylindrical_Grains,0.46142766203703706,28703.96875,8.831620257229485,13.045112465249591,21.656408190966104
Cylindrical_Grains,0.46142766203703706,28703.96875,8.831620257229485,13.045112465249593,21.656408190966104
Cylindrical_Grains,0.4721440972222222,28755.90234375,8.528796044599902,12.456788208405804,20.61552698012249
Cylindrical_Grains,0.4721440972222222,28755.90234375,8.528796044599902,12.4567882084058,20.61552698012249
Cylindrical_Grains,0.4721440972222222,28755.90234375,8.528796044599902,12.456788208405808,20.61552698012249
Cylindrical_Grains,0.4721440972222222,28755.90234375,8.528796044599902,12.4567882084058,20.61552698012249
Cylindrical_Grains,0.47267476851851853,21515.62109375,8.344340995461984,12.757660758231946,24.103941528235474
Cylindrical_Grains,0.47267476851851853,21515.62109375,8.344340995461984,12.757660758231944,24.103941528235474
Cylindrical_Grains,0.47267476851851853,21515.62109375,8.344340995461984,12.757660758231946,24.103941528235474
Cylindrical_Grains,0.47267476851851853,21515.62109375,8.344340995461984,12.757660758231946,24.103941528235474
Cylindrical_Grains,0.484796875,21954.65234375,9.60246503836922,12.898732217049727,21.335658565148304
Cylindrical_Grains,0.484796875,21954.65234375,9.60246503836922,12.89873221704973,21.335658565148304
Cylindrical_Grains,0.484796875,21954.654296875,9.60246503836922,12.89873221704973,21.335658565148304
Cylindrical_Grains,0.484796875,21954.654296875,9.60246503836922,12.898732217049735,21.335658565148304
Cylindrical_Grains,0.4463634259259259,23191.48828125,8.703209620918262,11.691592662912594,21.21320425441067
Cylindrical_Grains,0.4463634259259259,23191.48828125,8.703209620918262,11.691592662912592,21.21320425441067
Cylindrical_Grains,0.4463634259259259,23191.48828125,8.703209620918262,11.691592662912589,21.21320425441067
Cylindrical_Grains,0.4463634259259259,23191.48828125,8.703209620918262,11.691592662912592,21.21320425441067
Cylindrical_Grains,0.38339814814814815,4311.5263671875,6.7048186066461914,10.387168238506296,20.99999796198515
Cylindrical_Grains,0.38339814814814815,4311.5263671875,6.7048186066461914,10.387168238506296,20.99999796198515
Cylindrical_Grains,0.38339814814814815,4311.5263671875,6.7048186066461914,10.387168238506296,20.99999796198515
Cylindrical_Grains,0.38339814814814815,4311.5263671875,6.7048186066461914,10.387168238506296,20.99999796198515
Cylindrical_Grains,0.37605208333333334,6568.92626953125,5.280655918322311,9.339156817672023,18.99335198304825
Cylindrical_Grains,0.37605208333333334,6568.92724609375,5.280655918322311,9.33915681767203,18.99335198304825
Cylindrical_Grains,0.37605208333333334,6568.92626953125,5.280655918322311,9.339156817672029,18.99335198304825
Cylindrical_Grains,0.37605208333333334,6568.92724609375,5.280655918322311,9.33915681767203,18.99335198304825
Cylindrical_Grains,0.38297453703703704,6242.72412109375,6.462519799959127,9.805206100924886,19.798989199069226
Cylindrical_Grains,0.38297453703703704,6242.72412109375,6.462519799959127,9.805206100924888,19.798989199069226
Cylindrical_Grains,0.38297453703703704,6242.7236328125,6.462519799959127,9.805206100924886,19.798989199069226
Cylindrical_Grains,0.38297453703703704,6242.7236328125,6.462519799959127,9.805206100924885,19.798989199069226
Cylindrical_Grains,0.3710017361111111,4101.25244140625,5.5347878756854945,9.230851332075382,16.62680312316026
Cylindrical_Grains,0.3710017361111111,4101.25244140625,5.5347878756854945,9.230851332075387,16.62680312316026
Cylindrical_Grains,0.3710017361111111,4101.25244140625,5.5347878756854945,9.230851332075385,16.62680312316026
Cylindrical_Grains,0.3710017361111111,4101.25244140625,5.5347878756854945,9.230851332075387,16.62680312316026
Cylindrical_Grains,0.3780787037037037,8863.193359375,6.613177463990623,10.09666056210474,18.111827430553802
Cylindrical_Grains,0.3780787037037037,8863.193359375,6.613177463990623,10.096660562104733,18.111827430553802
Cylindrical_Grains,0.3780787037037037,8863.193359375,6.613177463990623,10.09666056210474,18.111827430553802
Cylindrical_Grains,0.3780787037037037,8863.193359375,6.613177463990623,10.096660562104736,18.111827430553802
Cylindrical_Grains,0.3710144675925926,5849.31005859375,5.875307490250149,8.35709142327192,15.107070451545495
Cylindrical_Grains,0.3710144675925926,5849.31005859375,5.875307490250149,8.357091423271926,15.107070451545495
Cylindrical_Grains,0.3710144675925926,5849.31005859375,5.875307490250149,8.357091423271926,15.107070451545495
Cylindrical_Grains,0.3710144675925926,5849.31005859375,5.875307490250149,8.357091423271925,15.107070451545495
Cylindrical_Grains,0.37966956018518516,5131.91796875,6.389489710242555,9.573132015667147,19.44222120920304
Cylindrical_Grains,0.37966956018518516,5131.91796875,6.389489710242555,9.573132015667145,19.44222120920304
Cylindrical_Grains,0.37966956018518516,5131.91796875,6.389489710242555,9.573132015667149,19.44222120920304
Cylindrical_Grains,0.37966956018518516,5131.91796875,6.389489710242555,9.573132015667149,19.44222120920304
Cylindrical_Grains,0.3821440972222222,7519.26171875,5.656854715833501,8.60655527232225,14.254381292074651
Cylindrical_Grains,0.3821440972222222,7519.26123046875,5.656854715833501,8.606555272322248,14.254381292074651
Cylindrical_Grains,0.3821440972222222,7519.2626953125,5.656854715833501,8.606555272322248,14.254381292074651
Cylindrical_Grains,0.3821440972222222,7519.26171875,5.656854715833501,8.606555272322247,14.254381292074651
Cylindrical_Grains,0.376865162037037,3160.949951171875,6.232079092102986,9.244174313272932,16.536256485424907
Cylindrical_Grains,0.376865162037037,3160.949951171875,6.232079092102986,9.244174313272934,16.536256485424907
Cylindrical_Grains,0.376865162037037,3160.949951171875,6.232079092102986,9.244174313272934,16.536256485424907
Cylindrical_Grains,0.376865162037037,3160.949951171875,6.232079092102986,9.244174313272937,16.536256485424907
Cylindrical_Grains,0.38092939814814814,6989.1689453125,5.798180970371517,9.611552704840383,20.346989956274715
Cylindrical_Grains,0.38092939814814814,6989.1689453125,5.798180970371517,9.611552704840387,20.346989956274715
Cylindrical_Grains,0.38092939814814814,6989.1689453125,5.798180970371517,9.611552704840383,20.346989956274715
Cylindrical_Grains,0.38092939814814814,6989.1689453125,5.798180970371517,9.611552704840385,20.346989956274715
Cylindrical_Grains,0.3766238425925926,8840.525390625,7.0939702833288685,10.802819527972593,18.894440985194297
Cylindrical_Grains,0.3766238425925926,8840.5234375,7.0939702833288685,10.802819527972591,18.894440985194297
Cylindrical_Grains,0.3766238425925926,8840.5234375,7.0939702833288685,10.802819527972591,18.894440985194297
Cylindrical_Grains,0.3766238425925926,8840.5244140625,7.0939702833288685,10.80281952797259,18.894440985194297
Cylindrical_Grains,0.36208564814814814,4125.46923828125,6.993190871229883,9.328747167015862,18.493242857974362
Cylindrical_Grains,0.36208564814814814,4125.4697265625,6.993190871229883,9.328747167015866,18.493242857974362
Cylindrical_Grains,0.36208564814814814,4125.4697265625,6.993190871229883,9.328747167015868,18.493242857974362
Cylindrical_Grains,0.36208564814814814,4125.46923828125,6.993190871229883,9.328747167015866,18.493242857974362
Cylindrical_Grains,0.3649195601851852,3582.1513671875,6.712609028624068,11.08875653270042,26.15339260115235
Cylindrical_Grains,0.3649195601851852,3582.151123046875,6.712609028624068,11.088756532700424,26.15339260115235
Cylindrical_Grains,0.3649195601851852,3582.1513671875,6.712609028624068,11.088756532700426,26.15339260115235
Cylindrical_Grains,0.3649195601851852,3582.151123046875,6.712609028624068,11.08875653270043,26.15339260115235
Cylindrical_Grains,0.3750335648148148,10659.3115234375,6.709566224745392,10.128366002637978,21.023794852726144
Cylindrical_Grains,0.3750335648148148,10659.3115234375,6.709566224745392,10.128366002637973,21.023794852726144
Cylindrical_Grains,0.3750335648148148,10659.3115234375,6.709566224745392,10.128366002637978,21.023794852726144
Cylindrical_Grains,0.3750335648148148,10659.3115234375,6.709566224745392,10.128366002637978,21.023794852726144
Cylindrical_Grains,0.377306712962963,14699.2587890625,7.447034557962131,10.116907824123826,17.92569873317342
Cylindrical_Grains,0.377306712962963,14699.2587890625,7.447034557962131,10.116907824123821,17.92569873317342
Cylindrical_Grains,0.377306712962963,14699.2587890625,7.447034557962131,10.116907824123821,17.92569873317342
Cylindrical_Grains,0.377306712962963,14699.2587890625,7.447034557962131,10.116907824123823,17.92569873317342
Cylindrical_Grains,0.3781747685185185,5955.427734375,6.910423113563512,9.780806634540673,18.165901665414008
Cylindrical_Grains,0.3781747685185185,5955.42724609375,6.910423113563512,9.780806634540667,18.165901665414008
Cylindrical_Grains,0.3781747685185185,5955.42724609375,6.910423113563512,9.780806634540664,18.165901665414008
Cylindrical_Grains,0.3781747685185185,5955.42724609375,6.910423113563512,9.780806634540667,18.165901665414008
Cylindrical_Grains,0.36819444444444444,14763.3544921875,7.191966960232267,10.23102691592536,17.049770800389147
Cylindrical_Grains,0.36819444444444444,14763.3544921875,7.191966960232267,10.231026915925357,17.049770800389147
Cylindrical_Grains,0.36819444444444444,14763.3525390625,7.191966960232267,10.231026915925359,17.049770800389147
Cylindrical_Grains,0.36819444444444444,14763.3544921875,7.191966960232267,10.231026915925357,17.049770800389147
Cylindrical_Grains,0.3804415509259259,13382.1083984375,7.518472701916492,11.17986384083337,20.61552698012249
Cylindrical_Grains,0.3804415509259259,13382.1083984375,7.518472701916492,11.179863840833375,20.61552698012249
Cylindrical_Grains,0.3804415509259259,13382.1083984375,7.518472701916492,11.179863840833374,20.61552698012249
Cylindrical_Grains,0.3804415509259259,13382.1083984375,7.518472701916492,11.179863840833368,20.61552698012249
Cylindrical_Grains,0.3772800925925926,14110.232421875,8.041491155541415,12.898142199032671,24.444590665166153
Cylindrical_Grains,0.3772800925925926,14110.232421875,8.041491155541415,12.898142199032666,24.444590665166153
Cylindrical_Grains,0.3772800925925926,14110.232421875,8.041491155541415,12.89814219903267,24.444590665166153
Cylindrical_Grains,0.3772800925925926,14110.232421875,8.041491155541415,12.89814219903267,24.444590665166153
Cylindrical_Grains,0.3791157407407407,9950.203125,6.893697225401318,10.459598787382301,21.95449885403958
Cylindrical_Grains,0.3791157407407407,9950.203125,6.893697225401318,10.459598787382298,21.95449885403958
Cylindrical_Grains,0.3791157407407407,9950.203125,6.893697225401318,10.4595987873823,21.95449885403958
Cylindrical_Grains,0.3791157407407407,9950.203125,6.893697225401318,10.459598787382298,21.95449885403958
Cylindrical_Grains,0.3741510416666667,21255.849609375,8.831620257229485,12.138994236076554,21.656408190966104
Cylindrical_Grains,0.3741510416666667,21255.84375,8.831620257229485,12.138994236076554,21.656408190966104
Cylindrical_Grains,0.3741510416666667,21255.849609375,8.831620257229485,12.138994236076549,21.656408190966104
Cylindrical_Grains,0.3741510416666667,21255.849609375,8.831620257229485,12.138994236076547,21.656408190966104
Cylindrical_Grains,0.3624988425925926,16008.3408203125,9.809896818266592,12.088140983162631,20.99999796198515
Cylindrical_Grains,0.3624988425925926,16008.3408203125,9.809896818266592,12.08814098316263,20.99999796198515
Cylindrical_Grains,0.3624988425925926,16008.33984375,9.809896818266592,12.088140983162626,20.99999796198515
Cylindrical_Grains,0.3624988425925926,16008.3408203125,9.809896818266592,12.088140983162628,20.99999796198515
Cylindrical_Grains,0.3553483796296296,17958.94140625,7.8311741519756985,11.028756754920316,18.27566738046485
Cylindrical_Grains,0.3553483796296296,17958.939453125,7.8311741519756985,11.028756754920325,18.27566738046485
Cylindrical_Grains,0.3553483796296296,17958.94140625,7.8311741519756985,11.02875675492032,18.27566738046485
Cylindrical_Grains,0.3553483796296296,17958.939453125,7.8311741519756985,11.02875675492032,18.27566738046485
Cylindrical_Grains,0.36794618055555556,3365.694580078125,8.320335194897684,12.289596785898475,23.99999957896438
Cylindrical_Grains,0.36794618055555556,3365.694580078125,8.320335194897684,12.289596785898478,23.99999957896438
Cylindrical_Grains,0.36794618055555556,3365.694580078125,8.320335194897684,12.28959678589848,23.99999957896438
Cylindrical_Grains,0.36794618055555556,3365.694580078125,8.320335194897684,12.28959678589848,23.99999957896438
Cylindrical_Grains,0.37134837962962963,5415.52734375,8.36344673327652,12.354967129156478,24.18677379107454
Cylindrical_Grains,0.37134837962962963,5415.52783203125,8.36344673327652,12.354967129156472,24.18677379107454
Cylindrical_Grains,0.37134837962962963,5415.52783203125,8.36344673327652,12.35496712915647,24.18677379107454
Cylindrical_Grains,0.37134837962962963,5415.52783203125,8.36344673327652,12.354967129156474,24.18677379107454
Cylindrical_Grains,0.36614988425925926,11402.0791015625,7.7894518200031895,10.32741214147765,18.138358025698693
Cylindrical_Grains,0.36614988425925926,11402.0791015625,7.7894518200031895,10.327412141477659,18.138358025698693
Cylindrical_Grains,0.36614988425925926,11402.078125,7.7894518200031895,10.327412141477659,18.138358025698693
Cylindrical_Grains,0.36614988425925926,11402.0791015625,7.7894518200031895,10.327412141477655,18.138358025698693
Cylindrical_Grains,0.36063078703703705,12391.447265625,7.230426572855784,10.398136921043802,19.44222120920304
Cylindrical_Grains,0.36063078703703705,12391.4462890625,7.230426572855784,10.398136921043802,19.44222120920304
Cylindrical_Grains,0.36063078703703705,12391.447265625,7.230426572855784,10.398136921043804,19.44222120920304
Cylindrical_Grains,0.36063078703703705,12391.447265625,7.230426572855784,10.398136921043806,19.44222120920304
Cylindrical_Grains,0.3589369212962963,14786.74609375,8.347625265445586,11.634275495581287,17.653078595683088
Cylindrical_Grains,0.3589369212962963,14786.74609375,8.347625265445586,11.634275495581294,17.653078595683088
Cylindrical_Grains,0.3589369212962963,14786.74609375,8.347625265445586,11.63427549558129,17.653078595683088
Cylindrical_Grains,0.3589369212962963,14786.74609375,8.347625265445586,11.634275495581294,17.653078595683088
Cylindrical_Grains,0.346796875,13087.41796875,8.51324313439459,11.75368487957686,24.839483165076846
Cylindrical_Grains,0.346796875,13087.41796875,8.51324313439459,11.753684879576857,24.839483165076846
Cylindrical_Grains,0.346796875,13087.41796875,8.51324313439459,11.753684879576861,24.839483165076846
Cylindrical_Grains,0.346796875,13087.41796875,8.51324313439459,11.753684879576856,24.839483165076846
Cylindrical_Grains,0.35682002314814815,6282.70751953125,7.9215642301709375,10.612062320146364,16.445169015996523
Cylindrical_Grains,0.35682002314814815,6282.70751953125,7.9215642301709375,10.612062320146364,16.445169015996523
Cylindrical_Grains,0.35682002314814815,6282.70751953125,7.9215642301709375,10.612062320146363,16.445169015996523
Cylindrical_Grains,0.35682002314814815,6282.70751953125,7.9215642301709375,10.612062320146364,16.445169015996523
Cylindrical_Grains,0.27689583333333334,4365.03515625,6.902623765238781,10.014874359003944,19.34142391248166
Cylindrical_Grains,0.27689583333333334,4365.03515625,6.902623765238781,10.014874359003944,19.34142391248166
Cylindrical_Grains,0.27689583333333334,4365.03515625,6.902623765238781,10.014874359003942,19.34142391248166
Cylindrical_Grains,0.27689583333333334,4365.03515625,6.902623765238781,10.014874359003944,19.34142391248166
Cylindrical_Grains,0.2785763888888889,1713.1400146484375,5.656854715833501,8.584157051134554,14.254381292074651
Cylindrical_Grains,0.2785763888888889,1713.1397705078125,5.656854715833501,8.584157051134556,14.254381292074651
Cylindrical_Grains,0.2785763888888889,1713.1397705078125,5.656854715833501,8.584157051134554,14.254381292074651
Cylindrical_Grains,0.2785763888888889,1713.1397705078125,5.656854715833501,8.584157051134557,14.254381292074651
Cylindrical_Grains,0.2799947916666667,3005.190673828125,5.2210985899599835,8.700543302364597,15.107070451545495
Cylindrical_Grains,0.2799947916666667,3005.19091796875,5.2210985899599835,8.700543302364599,15.107070451545495
Cylindrical_Grains,0.2799947916666667,3005.19091796875,5.2210985899599835,8.7005433023646,15.107070451545495
Cylindrical_Grains,0.2799947916666667,3005.19091796875,5.2210985899599835,8.7005433023646,15.107070451545495
Cylindrical_Grains,0.283615162037037,3465.08984375,5.28853466660397,7.713085796104532,17.378147002013918
Cylindrical_Grains,0.283615162037037,3465.08984375,5.28853466660397,7.713085796104535,17.378147002013918
Cylindrical_Grains,0.283615162037037,3465.08984375,5.28853466660397,7.713085796104533,17.378147002013918
Cylindrical_Grains,0.283615162037037,3465.08984375,5.28853466660397,7.7130857961045365,17.378147002013918
Cylindrical_Grains,0.26659895833333336,1308.004638671875,4.884692733511588,7.8187708669174505,15.16574876705335
Cylindrical_Grains,0.26659895833333336,1308.004638671875,4.884692733511588,7.81877086691745,15.16574876705335
Cylindrical_Grains,0.26659895833333336,1308.004638671875,4.884692733511588,7.8187708669174505,15.16574876705335
Cylindrical_Grains,0.26659895833333336,1308.004638671875,4.884692733511588,7.818770866917445,15.16574876705335
Cylindrical_Grains,0.2789288194444444,1584.269287109375,5.586853001290002,8.402213114205821,13.984805855692839
Cylindrical_Grains,0.2789288194444444,1584.26953125,5.586853001290002,8.402213114205821,13.984805855692839
Cylindrical_Grains,0.2789288194444444,1584.269287109375,5.586853001290002,8.40221311420582,13.984805855692839
Cylindrical_Grains,0.2789288194444444,1584.269287109375,5.586853001290002,8.402213114205821,13.984805855692839
Cylindrical_Grains,0.27963599537037037,1329.4403076171875,4.921520664254383,7.659184762250701,15.362290206641793
Cylindrical_Grains,0.27963599537037037,1329.43994140625,4.921520664254383,7.659184762250703,15.362290206641793
Cylindrical_Grains,0.27963599537037037,1329.4403076171875,4.921520664254383,7.659184762250705,15.362290206641793
Cylindrical_Grains,0.27963599537037037,1329.4403076171875,4.921520664254383,7.659184762250703,15.362290206641793
Cylindrical_Grains,0.28666435185185185,3829.305908203125,5.422282608234264,9.47777703086131,18.138358025698693
Cylindrical_Grains,0.28666435185185185,3829.305908203125,5.422282608234264,9.477777030861311,18.138358025698693
Cylindrical_Grains,0.28666435185185185,3829.305908203125,5.422282608234264,9.477777030861311,18.138358025698693
Cylindrical_Grains,0.28666435185185185,3829.305908203125,5.422282608234264,9.477777030861311,18.138358025698693
Cylindrical_Grains,0.2757042824074074,5269.986328125,5.589016659674099,9.398655055808286,19.10497207033539
Cylindrical_Grains,0.2757042824074074,5269.986328125,5.589016659674099,9.398655055808282,19.10497207033539
Cylindrical_Grains,0.2757042824074074,5269.986328125,5.589016659674099,9.398655055808282,19.10497207033539
Cylindrical_Grains,0.2757042824074074,5269.986328125,5.589016659674099,9.398655055808279,19.10497207033539
Cylindrical_Grains,0.27831539351851853,3968.65576171875,4.635381483960268,7.428091511658165,15.081999743352315
Cylindrical_Grains,0.27831539351851853,3968.65576171875,4.635381483960268,7.428091511658166,15.081999743352315
Cylindrical_Grains,0.27831539351851853,3968.65576171875,4.635381483960268,7.428091511658163,15.081999743352315
Cylindrical_Grains,0.27831539351851853,3968.65576171875,4.635381483960268,7.428091511658166,15.081999743352315
Cylindrical_Grains,0.25134375,3871.931640625,5.575579698544867,9.314395220845418,16.828596726501807
Cylindrical_Grains,0.25134375,3871.931640625,5.575579698544867,9.314395220845414,16.828596726501807
Cylindrical_Grains,0.25134375,3871.931640625,5.575579698544867,9.314395220845414,16.828596726501807
Cylindrical_Grains,0.25134375,3871.931640625,5.575579698544867,9.314395220845418,16.828596726501807
Cylindrical_Grains,0.26411979166666666,1586.410888671875,5.717649401216944,10.852975473437704,21.86213329922846
Cylindrical_Grains,0.26411979166666666,1586.4107666015625,5.717649401216944,10.852975473437704,21.86213329922846
Cylindrical_Grains,0.26411979166666666,1586.4107666015625,5.717649401216944,10.8529754734377,21.86213329922846
Cylindrical_Grains,0.26411979166666666,1586.4107666015625,5.717649401216944,10.8529754734377,21.86213329922846
Cylindrical_Grains,0.28206018518518516,2450.7236328125,6.503449539201962,9.64276712916195,17.653078595683088
Cylindrical_Grains,0.28206018518518516,2450.7236328125,6.503449539201962,9.64276712916195,17.653078595683088
Cylindrical_Grains,0.28206018518518516,2450.7236328125,6.503449539201962,9.642767129161951,17.653078595683088
Cylindrical_Grains,0.28206018518518516,2450.7236328125,6.503449539201962,9.642767129161951,17.653078595683088
Cylindrical_Grains,0.27792939814814815,2056.53369140625,5.925468331128055,10.112284441781975,18.598288339130452
Cylindrical_Grains,0.27792939814814815,2056.533935546875,5.925468331128055,10.112284441781973,18.598288339130452
Cylindrical_Grains,0.27792939814814815,2056.533935546875,5.925468331128055,10.112284441781977,18.598288339130452
Cylindrical_Grains,0.27792939814814815,2056.53369140625,5.925468331128055,10.112284441781973,18.598288339130452
Cylindrical_Grains,0.284244212962963,8980.2900390625,6.611489423197061,9.395668448582184,15.107070451545495
Cylindrical_Grains,0.284244212962963,8980.2890625,6.611489423197061,9.395668448582184,15.107070451545495
Cylindrical_Grains,0.284244212962963,8980.2890625,6.611489423197061,9.395668448582182,15.107070451545495
Cylindrical_Grains,0.284244212962963,8980.2890625,6.611489423197061,9.395668448582185,15.107070451545495
Cylindrical_Grains,0.23545081018518518,1586.9427490234375,5.372094410549104,7.746899918181343,14.730918214856723
Cylindrical_Grains,0.23545081018518518,1586.9427490234375,5.372094410549104,7.7468999181813425,14.730918214856723
Cylindrical_Grains,0.23545081018518518,1586.9427490234375,5.372094410549104,7.746899918181345,14.730918214856723
Cylindrical_Grains,0.23545081018518518,1586.942626953125,5.372094410549104,7.746899918181345,14.730918214856723
Cylindrical_Grains,0.2575451388888889,1417.9010009765625,5.890340890326537,8.9894526859539,18.417501137115153
Cylindrical_Grains,0.2575451388888889,1417.9010009765625,5.890340890326537,8.989452685953898,18.417501137115153
Cylindrical_Grains,0.2575451388888889,1417.9010009765625,5.890340890326537,8.9894526859539,18.417501137115153
Cylindrical_Grains,0.2575451388888889,1417.9010009765625,5.890340890326537,8.989452685953898,18.417501137115153
Cylindrical_Grains,0.27560243055555556,6088.341796875,5.798180970371517,9.032140372361063,20.346989956274715
Cylindrical_Grains,0.27560243055555556,6088.341796875,5.798180970371517,9.032140372361065,20.346989956274715
Cylindrical_Grains,0.27560243055555556,6088.3408203125,5.798180970371517,9.032140372361065,20.346989956274715
Cylindrical_Grains,0.27560243055555556,6088.341796875,5.798180970371517,9.032140372361065,20.346989956274715
Cylindrical_Grains,0.27360300925925923,3150.3056640625,6.728482986574157,9.89718402894365,18.598288339130452
Cylindrical_Grains,0.27360300925925923,3150.3056640625,6.728482986574157,9.897184028943652,18.598288339130452
Cylindrical_Grains,0.27360300925925923,3150.3056640625,6.728482986574157,9.897184028943654,18.598288339130452
Cylindrical_Grains,0.27360300925925923,3150.3056640625,6.728482986574157,9.897184028943652,18.598288339130452
Cylindrical_Grains,0.27944849537037036,10271.09765625,6.303713386309924,9.987501248298125,16.828596726501807
Cylindrical_Grains,0.27944849537037036,10271.09765625,6.303713386309924,9.987501248298118,16.828596726501807
Cylindrical_Grains,0.27944849537037036,10271.099609375,6.303713386309924,9.98750124829812,16.828596726501807
Cylindrical_Grains,0.27944849537037036,10271.09765625,6.303713386309924,9.987501248298116,16.828596726501807
Cylindrical_Grains,0.23773842592592592,4453.38720703125,6.088990791909998,9.976012672572176,18.000000106278666
Cylindrical_Grains,0.23773842592592592,4453.38720703125,6.088990791909998,9.97601267257217,18.000000106278666
Cylindrical_Grains,0.23773842592592592,4453.3876953125,6.088990791909998,9.97601267257217,18.000000106278666
Cylindrical_Grains,0.23773842592592592,4453.3876953125,6.088990791909998,9.976012672572171,18.000000106278666
Cylindrical_Grains,0.2824988425925926,4468.45166015625,7.74731005838307,10.846574840960345,21.563855159907238
Cylindrical_Grains,0.2824988425925926,4468.45166015625,7.74731005838307,10.846574840960345,21.563855159907238
Cylindrical_Grains,0.2824988425925926,4468.4521484375,7.74731005838307,10.84657484096034,21.563855159907238
Cylindrical_Grains,0.2824988425925926,4468.45166015625,7.74731005838307,10.846574840960342,21.563855159907238
Cylindrical_Grains,0.2446244212962963,3743.205078125,6.986368254327698,9.312837471817646,16.353529304278123
Cylindrical_Grains,0.2446244212962963,3743.205078125,6.986368254327698,9.312837471817645,16.353529304278123
Cylindrical_Grains,0.2446244212962963,3743.205078125,6.986368254327698,9.312837471817643,16.353529304278123
Cylindrical_Grains,0.2446244212962963,3743.205078125,6.986368254327698,9.312837471817645,16.353529304278123
Cylindrical_Grains,0.2736388888888889,6085.583984375,6.503449539201962,9.71813375529338,17.653078595683088
Cylindrical_Grains,0.2736388888888889,6085.583984375,6.503449539201962,9.718133755293382,17.653078595683088
Cylindrical_Grains,0.2736388888888889,6085.583984375,6.503449539201962,9.718133755293382,17.653078595683088
Cylindrical_Grains,0.2736388888888889,6085.583984375,6.503449539201962,9.718133755293385,17.653078595683088
Cylindrical_Grains,0.26914814814814814,499.0155944824219,7.476744239261293,12.655044015333207,21.86213329922846
Cylindrical_Grains,0.26914814814814814,499.0155944824219,7.476744239261293,12.655044015333207,21.86213329922846
Cylindrical_Grains,0.26914814814814814,499.0155944824219,7.476744239261293,12.655044015333212,21.86213329922846
Cylindrical_Grains,0.26914814814814814,499.015625,7.476744239261293,12.655044015333207,21.86213329922846
Cylindrical_Grains,0.26977083333333335,7283.6015625,6.384446027283808,10.901528407920543,23.99999957896438
Cylindrical_Grains,0.26977083333333335,7283.6015625,6.384446027283808,10.901528407920546,23.99999957896438
Cylindrical_Grains,0.26977083333333335,7283.6025390625,6.384446027283808,10.901528407920544,23.99999957896438
Cylindrical_Grains,0.26977083333333335,7283.6025390625,6.384446027283808,10.901528407920544,23.99999957896438
Cylindrical_Grains,0.2815405092592593,7426.8984375,7.565355146532131,10.938595868481501,20.808653590992616
Cylindrical_Grains,0.2815405092592593,7426.8984375,7.565355146532131,10.9385958684815,20.808653590992616
Cylindrical_Grains,0.2815405092592593,7426.8984375,7.565355146532131,10.938595868481501,20.808653590992616
Cylindrical_Grains,0.2815405092592593,7426.8974609375,7.565355146532131,10.938595868481498,20.808653590992616
Cylindrical_Grains,0.2596672453703704,22034.416015625,7.752860938216795,11.780818047430767,18.99335198304825
Cylindrical_Grains,0.2596672453703704,22034.416015625,7.752860938216795,11.780818047430769,18.99335198304825
Cylindrical_Grains,0.2596672453703704,22034.416015625,7.752860938216795,11.780818047430772,18.99335198304825
Cylindrical_Grains,0.2596672453703704,22034.416015625,7.752860938216795,11.780818047430767,18.99335198304825
Cylindrical_Grains,0.27482291666666664,1055.9266357421875,6.538302701975839,11.78548074108639,21.86213329922846
Cylindrical_Grains,0.27482291666666664,1055.9266357421875,6.538302701975839,11.785480741086388,21.86213329922846
Cylindrical_Grains,0.27482291666666664,1055.9267578125,6.538302701975839,11.785480741086392,21.86213329922846
Cylindrical_Grains,0.27482291666666664,1055.9266357421875,6.538302701975839,11.78548074108639,21.86213329922846
Cylindrical_Grains,0.2667476851851852,4984.2373046875,7.796974783585801,11.774702410599012,21.771542242745642
Cylindrical_Grains,0.2667476851851852,4984.2373046875,7.796974783585801,11.774702410599014,21.771542242745642
Cylindrical_Grains,0.2667476851851852,4984.2373046875,7.796974783585801,11.774702410599014,21.771542242745642
Cylindrical_Grains,0.2667476851851852,4984.2373046875,7.796974783585801,11.774702410599014,21.771542242745642
Leopard,0.12257060185185185,679.5260620117188,3.797962076487187,6.139758893787462,10.60129198338392
Leopard,0.12257060185185185,679.5259399414062,3.797962076487187,6.1397588937874605,10.60129198338392
Leopard,0.12257060185185185,679.5260620117188,3.797962076487187,6.139758893787462,10.60129198338392
Leopard,0.12257060185185185,679.5259399414062,3.797962076487187,6.139758893787462,10.60129198338392
Leopard,0.1842349537037037,587.3082275390625,4.461101724263163,7.79134428197229,14.093309607176273
Leopard,0.1842349537037037,587.3082275390625,4.461101724263163,7.79134428197229,14.093309607176273
Leopard,0.1842349537037037,587.3082275390625,4.461101724263163,7.791344281972293,14.093309607176273
Leopard,0.1842349537037037,587.3082275390625,4.461101724263163,7.791344281972289,14.093309607176273
Leopard,0.18702025462962962,803.3924560546875,4.441067785053884,8.54586129477617,19.72308307144342
Leopard,0.18702025462962962,803.3924560546875,4.441067785053884,8.54586129477617,19.72308307144342
Leopard,0.18702025462962962,803.3924560546875,4.441067785053884,8.545861294776168,19.72308307144342
Leopard,0.18702025462962962,803.3924560546875,4.441067785053884,8.545861294776168,19.72308307144342
Leopard,0.19105381944444444,631.4796752929688,4.346006356472206,7.119900297881698,13.456406356667104
Leopard,0.19105381944444444,631.479736328125,4.346006356472206,7.119900297881698,13.456406356667104
Leopard,0.19105381944444444,631.479736328125,4.346006356472206,7.119900297881698,13.456406356667104
Leopard,0.19105381944444444,631.479736328125,4.346006356472206,7.119900297881698,13.456406356667104
Leopard,0.2720462962962963,2772.791015625,5.208760148942701,9.562536490314903,18.53823923808275
Leopard,0.2720462962962963,2772.791015625,5.208760148942701,9.56253649031491,18.53823923808275
Leopard,0.2720462962962963,2772.791015625,5.208760148942701,9.562536490314903,18.53823923808275
Leopard,0.2720462962962963,2772.791015625,5.208760148942701,9.562536490314908,18.53823923808275
Leopard,0.17891608796296296,1235.1099853515625,4.436758839925398,7.474315480601621,15.652476425463272
Leopard,0.17891608796296296,1235.1099853515625,4.436758839925398,7.474315480601619,15.652476425463272
Leopard,0.17891608796296296,1235.1099853515625,4.436758839925398,7.47431548060162,15.652476425463272
Leopard,0.17891608796296296,1235.1099853515625,4.436758839925398,7.474315480601619,15.652476425463272
Leopard,0.26880902777777776,1314.88330078125,4.303739783963483,6.864447795395937,10.998119557438786
Leopard,0.26880902777777776,1314.88330078125,4.303739783963483,6.864447795395934,10.998119557438786
Leopard,0.26880902777777776,1314.88330078125,4.303739783963483,6.864447795395938,10.998119557438786
Leopard,0.26880902777777776,1314.88330078125,4.303739783963483,6.864447795395934,10.998119557438786
Leopard,0.19469155092592594,1575.0042724609375,4.776510378433368,7.25088335288054,14.594519983140017
Leopard,0.19469155092592594,1575.0042724609375,4.776510378433368,7.25088335288054,14.594519983140017
Leopard,0.19469155092592594,1575.0042724609375,4.776510378433368,7.25088335288054,14.594519983140017
Leopard,0.19469155092592594,1575.0042724609375,4.776510378433368,7.25088335288054,14.594519983140017
Leopard,0.19061400462962963,82.07768249511719,4.993231734087587,7.99462868093282,15.7480146124762
Leopard,0.19061400462962963,82.07768249511719,4.993231734087587,7.994628680932822,15.7480146124762
Leopard,0.19061400462962963,82.07768249511719,4.993231734087587,7.99462868093282,15.7480146124762
Leopard,0.19061400462962963,82.07768249511719,4.993231734087587,7.99462868093282,15.7480146124762
Leopard,0.18188541666666666,799.2491455078125,4.298649190795711,7.901328065373522,13.19807125918239
Leopard,0.18188541666666666,799.2491455078125,4.298649190795711,7.901328065373519,13.19807125918239
Leopard,0.18188541666666666,799.2491455078125,4.298649190795711,7.901328065373519,13.19807125918239
Leopard,0.18188541666666666,799.2491455078125,4.298649190795711,7.901328065373522,13.19807125918239
Leopard,0.22227025462962963,3460.272216796875,5.987295730613397,9.193319037849637,17.521413367085717
Leopard,0.22227025462962963,3460.272216796875,5.987295730613397,9.193319037849639,17.521413367085717
Leopard,0.22227025462962963,3460.272216796875,5.987295730613397,9.193319037849642,17.521413367085717
Leopard,0.22227025462962963,3460.272216796875,5.987295730613397,9.19331903784964,17.521413367085717
Leopard,0.2136597222222222,715.3965454101562,4.358899130799509,7.827620540474013,16.806304838990258
Leopard,0.2136597222222222,715.3966674804688,4.358899130799509,7.82762054047401,16.806304838990258
Leopard,0.2136597222222222,715.3966674804688,4.358899130799509,7.827620540474013,16.806304838990258
Leopard,0.2136597222222222,715.3966674804688,4.358899130799509,7.827620540474013,16.806304838990258
Leopard,0.21425868055555555,1134.017333984375,5.247284750587541,8.748042945080854,17.14642781666828
Leopard,0.21425868055555555,1134.017333984375,5.247284750587541,8.74804294508085,17.14642781666828
Leopard,0.21425868055555555,1134.0174560546875,5.247284750587541,8.74804294508085,17.14642781666828
Leopard,0.21425868055555555,1134.0174560546875,5.247284750587541,8.748042945080853,17.14642781666828
Leopard,0.17349131944444443,202.07144165039062,3.9803239983712553,7.189950925770286,15.842979132010136
Leopard,0.17349131944444443,202.07144165039062,3.9803239983712553,7.189950925770287,15.842979132010136
Leopard,0.17349131944444443,202.07144165039062,3.9803239983712553,7.189950925770287,15.842979132010136
Leopard,0.17349131944444443,202.07144165039062,3.9803239983712553,7.1899509257702885,15.842979132010136
Leopard,0.19897280092592592,921.085205078125,4.192659865479275,8.450354131739147,17.578396747600692
Leopard,0.19897280092592592,921.085205078125,4.192659865479275,8.450354131739147,17.578396747600692
Leopard,0.19897280092592592,921.085205078125,4.192659865479275,8.450354131739145,17.578396747600692
Leopard,0.19897280092592592,921.085205078125,4.192659865479275,8.450354131739143,17.578396747600692
Leopard,0.23200925925925925,1220.4664306640625,4.963657813068918,8.316116042934054,15.588457542915263
Leopard,0.23200925925925925,1220.4664306640625,4.963657813068918,8.316116042934054,15.588457542915263
Leopard,0.23200925925925925,1220.4664306640625,4.963657813068918,8.316116042934054,15.588457542915263
Leopard,0.23200925925925925,1220.4664306640625,4.963657813068918,8.316116042934054,15.588457542915263
Leopard,0.19044560185185186,811.7649536132812,4.075188151711004,6.460592342513743,13.379086400248642
Leopard,0.19044560185185186,811.764892578125,4.075188151711004,6.460592342513744,13.379086400248642
Leopard,0.19044560185185186,811.764892578125,4.075188151711004,6.460592342513741,13.379086400248642
Leopard,0.19044560185185186,811.764892578125,4.075188151711004,6.460592342513743,13.379086400248642
Leopard,0.17433506944444443,420.1054382324219,4.098340477443463,6.388167922634567,11.224970376747754
Leopard,0.17433506944444443,420.1054382324219,4.098340477443463,6.388167922634569,11.224970376747754
Leopard,0.17433506944444443,420.1054382324219,4.098340477443463,6.388167922634567,11.224970376747754
Leopard,0.17433506944444443,420.1054382324219,4.098340477443463,6.3881679226345645,11.224970376747754
Leopard,0.2371736111111111,2598.70556640625,4.682678141483394,8.328941185388116,15.355330218385568
Leopard,0.2371736111111111,2598.70556640625,4.682678141483394,8.328941185388112,15.355330218385568
Leopard,0.2371736111111111,2598.70556640625,4.682678141483394,8.328941185388116,15.355330218385568
Leopard,0.2371736111111111,2598.70556640625,4.682678141483394,8.328941185388114,15.355330218385568
Leopard,0.17825810185185184,1976.26904296875,5.247284750587541,8.930272935701073,17.14642781666828
Leopard,0.17825810185185184,1976.26904296875,5.247284750587541,8.930272935701074,17.14642781666828
Leopard,0.17825810185185184,1976.26904296875,5.247284750587541,8.930272935701073,17.14642781666828
Leopard,0.17825810185185184,1976.26904296875,5.247284750587541,8.930272935701073,17.14642781666828
Leopard,0.1346226851851852,1035.12451171875,4.025035790571116,6.917332835813639,13.076694972014252
Leopard,0.1346226851851852,1035.12451171875,4.025035790571116,6.917332835813638,13.076694972014252
Leopard,0.1346226851851852,1035.12451171875,4.025035790571116,6.917332835813638,13.076694972014252
Leopard,0.1346226851851852,1035.12451171875,4.025035790571116,6.917332835813639,13.076694972014252
Leopard,0.20675868055555555,3656.753173828125,5.441428234115288,9.361728319005442,18.24828789958463
Leopard,0.20675868055555555,3656.753173828125,5.441428234115288,9.36172831900544,18.24828789958463
Leopard,0.20675868055555555,3656.753173828125,5.441428234115288,9.36172831900544,18.24828789958463
Leopard,0.20675868055555555,3656.753173828125,5.441428234115288,9.361728319005442,18.24828789958463
Leopard,0.1600925925925926,7.640771389007568,4.487754972711474,7.382261020717328,11.78123244549265
Leopard,0.1600925925925926,7.640771865844727,4.487754972711474,7.382261020717327,11.78123244549265
Leopard,0.1600925925925926,7.640771389007568,4.487754972711474,7.382261020717328,11.78123244549265
Leopard,0.1600925925925926,7.640771389007568,4.487754972711474,7.382261020717327,11.78123244549265
Leopard,0.17679629629629628,1820.0701904296875,4.576904318292746,7.66179902461507,13.564658274654297
Leopard,0.17679629629629628,1820.0701904296875,4.576904318292746,7.661799024615072,13.564658274654297
Leopard,0.17679629629629628,1820.0701904296875,4.576904318292746,7.661799024615072,13.564658274654297
Leopard,0.17679629629629628,1820.0701904296875,4.576904318292746,7.661799024615072,13.564658274654297
Leopard,0.2495457175925926,4162.0830078125,4.626641067977045,8.149035045933257,16.911535090607945
Leopard,0.2495457175925926,4162.08203125,4.626641067977045,8.14903504593326,16.911535090607945
Leopard,0.2495457175925926,4162.0830078125,4.626641067977045,8.149035045933259,16.911535090607945
Leopard,0.2495457175925926,4162.0830078125,4.626641067977045,8.149035045933257,16.911535090607945
Castle_Gate,0.28524537037037034,2964.076904296875,4.541299455298956,7.266326648917875,16.340135133594455
Castle_Gate,0.28524537037037034,2964.076904296875,4.541299455298956,7.266326648917875,16.340135133594455
Castle_Gate,0.28524537037037034,2964.076904296875,4.541299455298956,7.266326648917873,16.340135133594455
Castle_Gate,0.28524537037037034,2964.076904296875,4.541299455298956,7.266326648917876,16.340135133594455
Castle_Gate,0.2619166666666667,1748.87060546875,4.340673193621479,7.833356740309254,18.841443773824086
Castle_Gate,0.2619166666666667,1748.87060546875,4.340673193621479,7.833356740309258,18.841443773824086
Castle_Gate,0.2619166666666667,1748.87060546875,4.340673193621479,7.833356740309253,18.841443773824086
Castle_Gate,0.2619166666666667,1748.87060546875,4.340673193621479,7.833356740309254,18.841443773824086
Castle_Gate,0.25236689814814817,1379.0736083984375,4.147849070179213,7.641660767745827,15.281312069097885
Castle_Gate,0.25236689814814817,1379.0736083984375,4.147849070179213,7.641660767745826,15.281312069097885
Castle_Gate,0.25236689814814817,1379.0736083984375,4.147849070179213,7.641660767745826,15.281312069097885
Castle_Gate,0.25236689814814817,1379.0736083984375,4.147849070179213,7.641660767745825,15.281312069097885
Castle_Gate,0.24764872685185185,1031.62060546875,4.098340477443463,6.078953271877642,11.224970376747754
Castle_Gate,0.24764872685185185,1031.6207275390625,4.098340477443463,6.0789532718776425,11.224970376747754
Castle_Gate,0.24764872685185185,1031.6207275390625,4.098340477443463,6.078953271877646,11.224970376747754
Castle_Gate,0.24764872685185185,1031.6207275390625,4.098340477443463,6.078953271877645,11.224970376747754
Castle_Gate,0.23111226851851852,846.1847534179688,4.011667681373429,6.887422772316555,16.09347758577606
Castle_Gate,0.23111226851851852,846.1847534179688,4.011667681373429,6.887422772316554,16.09347758577606
Castle_Gate,0.23111226851851852,846.1847534179688,4.011667681373429,6.887422772316555,16.09347758577606
Castle_Gate,0.23111226851851852,846.1847534179688,4.011667681373429,6.887422772316555,16.09347758577606
Castle_Gate,0.23841145833333333,1409.001708984375,4.2662795376465255,6.673759279580814,13.022747561664554
Castle_Gate,0.23841145833333333,1409.001708984375,4.2662795376465255,6.673759279580812,13.022747561664554
Castle_Gate,0.23841145833333333,1409.001708984375,4.2662795376465255,6.673759279580811,13.022747561664554
Castle_Gate,0.23841145833333333,1409.001708984375,4.2662795376465255,6.673759279580815,13.022747561664554
Castle_Gate,0.3151012731481482,2421.466796875,4.249173084842466,7.274900016800353,16.004795965291805
Castle_Gate,0.3151012731481482,2421.466796875,4.249173084842466,7.274900016800356,16.004795965291805
Castle_Gate,0.3151012731481482,2421.466796875,4.249173084842466,7.274900016800353,16.004795965291805
Castle_Gate,0.3151012731481482,2421.46630859375,4.249173084842466,7.274900016800355,16.004795965291805
Castle_Gate,0.24995138888888888,2436.55712890625,4.562338722217528,7.250866444542428,12.104613716851995
Castle_Gate,0.24995138888888888,2436.5576171875,4.562338722217528,7.25086644454243,12.104613716851995
Castle_Gate,0.24995138888888888,2436.55712890625,4.562338722217528,7.250866444542432,12.104613716851995
Castle_Gate,0.24995138888888888,2436.55712890625,4.562338722217528,7.2508664445424325,12.104613716851995
Castle_Gate,0.2992141203703704,3101.5322265625,4.942586787236418,8.730479192766106,19.10497207033539
Castle_Gate,0.2992141203703704,3101.5322265625,4.942586787236418,8.730479192766108,19.10497207033539
Castle_Gate,0.2992141203703704,3101.5322265625,4.942586787236418,8.730479192766106,19.10497207033539
Castle_Gate,0.2992141203703704,3101.5322265625,4.942586787236418,8.730479192766113,19.10497207033539
Castle_Gate,0.23389583333333333,1190.322021484375,4.087470168921074,6.430458913750221,13.453623023082278
Castle_Gate,0.23389583333333333,1190.322021484375,4.087470168921074,6.430458913750219,13.453623023082278
Castle_Gate,0.23389583333333333,1190.322021484375,4.087470168921074,6.430458913750222,13.453623023082278
Castle_Gate,0.23389583333333333,1190.322021484375,4.087470168921074,6.430458913750219,13.453623023082278
Castle_Gate,0.2217824074074074,2839.05859375,5.1074714570931725,7.790943537211042,16.370703390714013
Castle_Gate,0.2217824074074074,2839.058349609375,5.1074714570931725,7.790943537211041,16.370703390714013
Castle_Gate,0.2217824074074074,2839.058349609375,5.1074714570931725,7.790943537211042,16.370703390714013
Castle_Gate,0.2217824074074074,2839.05859375,5.1074714570931725,7.790943537211042,16.370703390714013
Castle_Gate,0.24834722222222222,784.0503540039062,4.2051578431098635,6.741640557503165,12.694477842605291
Castle_Gate,0.24834722222222222,784.0503540039062,4.2051578431098635,6.741640557503164,12.694477842605291
Castle_Gate,0.24834722222222222,784.0503540039062,4.2051578431098635,6.741640557503164,12.694477842605291
Castle_Gate,0.24834722222222222,784.05029296875,4.2051578431098635,6.741640557503167,12.694477842605291
Castle_Gate,0.26611747685185183,4249.55712890625,4.117747778099377,6.559905347242347,13.638180873463709
Castle_Gate,0.26611747685185183,4249.55712890625,4.117747778099377,6.559905347242347,13.638180873463709
Castle_Gate,0.26611747685185183,4249.55712890625,4.117747778099377,6.559905347242349,13.638180873463709
Castle_Gate,0.26611747685185183,4249.55712890625,4.117747778099377,6.559905347242348,13.638180873463709
Castle_Gate,0.21592939814814816,1912.4373779296875,4.6128362352248296,6.629970572818645,13.747727646791398
Castle_Gate,0.21592939814814816,1912.4373779296875,4.6128362352248296,6.629970572818645,13.747727646791398
Castle_Gate,0.21592939814814816,1912.4373779296875,4.6128362352248296,6.629970572818648,13.747727646791398
Castle_Gate,0.21592939814814816,1912.4373779296875,4.6128362352248296,6.629970572818646,13.747727646791398
Castle_Gate,0.2341417824074074,660.4091186523438,4.303739783963483,6.6206280619366735,10.998119557438786
Castle_Gate,0.2341417824074074,660.4091186523438,4.303739783963483,6.620628061936671,10.998119557438786
Castle_Gate,0.2341417824074074,660.4091186523438,4.303739783963483,6.620628061936672,10.998119557438786
Castle_Gate,0.2341417824074074,660.4091186523438,4.303739783963483,6.620628061936672,10.998119557438786
Castle_Gate,0.26436458333333335,1413.7626953125,4.808945449068667,7.369289560340413,13.19807125918239
Castle_Gate,0.26436458333333335,1413.7626953125,4.808945449068667,7.369289560340412,13.19807125918239
Castle_Gate,0.26436458333333335,1413.7626953125,4.808945449068667,7.36928956034041,13.19807125918239
Castle_Gate,0.26436458333333335,1413.7626953125,4.808945449068667,7.369289560340412,13.19807125918239
Castle_Gate,0.14253761574074075,305.63330078125,3.029248384564217,5.248392095300162,11.224970376747754
Castle_Gate,0.14253761574074075,305.63330078125,3.029248384564217,5.248392095300163,11.224970376747754
Castle_Gate,0.14253761574074075,305.63330078125,3.029248384564217,5.2483920953001615,11.224970376747754
Castle_Gate,0.14253761574074075,305.63330078125,3.029248384564217,5.2483920953001615,11.224970376747754
Castle_Gate,0.2962164351851852,4631.837890625,5.090729911370142,7.913979012212437,14.492344984386053
Castle_Gate,0.2962164351851852,4631.837890625,5.090729911370142,7.9139790122124385,14.492344984386053
Castle_Gate,0.2962164351851852,4631.837890625,5.090729911370142,7.913979012212438,14.492344984386053
Castle_Gate,0.2962164351851852,4631.8369140625,5.090729911370142,7.9139790122124385,14.492344984386053
Castle_Gate,0.2515914351851852,984.5086059570312,4.723474551997062,6.961920134342972,12.814906820871572
Castle_Gate,0.2515914351851852,984.5086059570312,4.723474551997062,6.961920134342973,12.814906820871572
Castle_Gate,0.2515914351851852,984.5086059570312,4.723474551997062,6.9619201343429715,12.814906820871572
Castle_Gate,0.2515914351851852,984.5086059570312,4.723474551997062,6.961920134342973,12.814906820871572
Castle_Gate,0.2390752314814815,1481.5379638671875,4.069010170107432,6.529954598149992,11.97640006157977
Castle_Gate,0.2390752314814815,1481.5379638671875,4.069010170107432,6.529954598149994,11.97640006157977
Castle_Gate,0.2390752314814815,1481.5379638671875,4.069010170107432,6.529954598149992,11.97640006157977
Castle_Gate,0.2390752314814815,1481.5379638671875,4.069010170107432,6.529954598149994,11.97640006157977
Castle_Gate,0.25813310185185184,2182.749267578125,4.0628059143023645,6.527462625329357,13.304133735235164
Castle_Gate,0.25813310185185184,2182.749267578125,4.0628059143023645,6.527462625329356,13.304133735235164
Castle_Gate,0.25813310185185184,2182.749267578125,4.0628059143023645,6.5274626253293535,13.304133735235164
Castle_Gate,0.25813310185185184,2182.74951171875,4.0628059143023645,6.527462625329356,13.304133735235164
Castle_Gate,0.2867297453703704,2153.315673828125,4.087470168921074,6.3920582290162065,13.453623023082278
Castle_Gate,0.2867297453703704,2153.315673828125,4.087470168921074,6.392058229016205,13.453623023082278
Castle_Gate,0.2867297453703704,2153.315673828125,4.087470168921074,6.3920582290162065,13.453623023082278
Castle_Gate,0.2867297453703704,2153.315673828125,4.087470168921074,6.392058229016205,13.453623023082278
Castle_Gate,0.25658564814814816,1980.2454833984375,4.826143510866026,6.6776153492952615,12.409673954306715
Castle_Gate,0.25658564814814816,1980.2454833984375,4.826143510866026,6.6776153492952615,12.409673954306715
Castle_Gate,0.25658564814814816,1980.2454833984375,4.826143510866026,6.677615349295261,12.409673954306715
Castle_Gate,0.25658564814814816,1980.2454833984375,4.826143510866026,6.677615349295263,12.409673954306715
Castle_Gate,0.3027928240740741,3842.496337890625,4.927858407571451,7.954015858693434,16.806304838990258
Castle_Gate,0.3027928240740741,3842.496337890625,4.927858407571451,7.954015858693435,16.806304838990258
Castle_Gate,0.3027928240740741,3842.49560546875,4.927858407571451,7.954015858693432,16.806304838990258
Castle_Gate,0.3027928240740741,3842.496337890625,4.927858407571451,7.9540158586934355,16.806304838990258
Castle_Gate,0.2366099537037037,1044.3441162109375,4.222064209405908,6.569121685116364,14.282856662021029
Castle_Gate,0.2366099537037037,1044.3441162109375,4.222064209405908,6.5691216851163645,14.282856662021029
Castle_Gate,0.2366099537037037,1044.3441162109375,4.222064209405908,6.5691216851163645,14.282856662021029
Castle_Gate,0.2366099537037037,1044.3441162109375,4.222064209405908,6.5691216851163645,14.282856662021029
Castle_Gate,0.19507291666666668,1088.181396484375,4.023234399885242,7.202863640653386,16.18641503641996
Castle_Gate,0.19507291666666668,1088.181396484375,4.023234399885242,7.202863640653386,16.18641503641996
Castle_Gate,0.19507291666666668,1088.181396484375,4.023234399885242,7.202863640653387,16.18641503641996
Castle_Gate,0.19507291666666668,1088.181396484375,4.023234399885242,7.202863640653386,16.18641503641996
Berea_Upper_Gray,0.21511747685185184,425.3412170410156,3.746420871642901,5.874889965678805,12.572792503698604
Berea_Upper_Gray,0.21511747685185184,425.3412170410156,3.746420871642901,5.874889965678805,12.572792503698604
Berea_Upper_Gray,0.21511747685185184,425.3412170410156,3.746420871642901,5.874889965678802,12.572792503698604
Berea_Upper_Gray,0.21511747685185184,425.3412170410156,3.746420871642901,5.874889965678802,12.572792503698604
Berea_Upper_Gray,0.19545833333333335,566.720947265625,3.84199221261014,5.732214805837531,11.99999857031013
Berea_Upper_Gray,0.19545833333333335,566.720947265625,3.84199221261014,5.732214805837529,11.99999857031013
Berea_Upper_Gray,0.19545833333333335,566.720947265625,3.84199221261014,5.732214805837529,11.99999857031013
Berea_Upper_Gray,0.19545833333333335,566.720947265625,3.84199221261014,5.732214805837531,11.99999857031013
Berea_Upper_Gray,0.25836747685185185,2980.28369140625,4.093574534188822,6.706803013232362,12.104613716851995
Berea_Upper_Gray,0.25836747685185185,2980.28369140625,4.093574534188822,6.706803013232358,12.104613716851995
Berea_Upper_Gray,0.25836747685185185,2980.28369140625,4.093574534188822,6.706803013232358,12.104613716851995
Berea_Upper_Gray,0.25836747685185185,2980.28369140625,4.093574534188822,6.706803013232357,12.104613716851995
Berea_Upper_Gray,0.2530972222222222,490.7193298339844,4.075188151711004,5.8977293511323055,13.379086400248642
Berea_Upper_Gray,0.2530972222222222,490.7193298339844,4.075188151711004,5.897729351132303,13.379086400248642
Berea_Upper_Gray,0.2530972222222222,490.7193298339844,4.075188151711004,5.897729351132309,13.379086400248642
Berea_Upper_Gray,0.2530972222222222,490.7193298339844,4.075188151711004,5.8977293511323055,13.379086400248642
Berea_Upper_Gray,0.1764537037037037,352.2369079589844,3.442430234483291,5.1595389846462485,8.909192397558623
Berea_Upper_Gray,0.1764537037037037,352.2369079589844,3.442430234483291,5.1595389846462485,8.909192397558623
Berea_Upper_Gray,0.1764537037037037,352.2369079589844,3.442430234483291,5.159538984646251,8.909192397558623
Berea_Upper_Gray,0.1764537037037037,352.2369384765625,3.442430234483291,5.15953898464625,8.909192397558623
Berea_Upper_Gray,0.20749305555555556,1199.044189453125,3.631563199439646,6.181942044158625,16.673332624338627
Berea_Upper_Gray,0.20749305555555556,1199.044189453125,3.631563199439646,6.181942044158622,16.673332624338627
Berea_Upper_Gray,0.20749305555555556,1199.0440673828125,3.631563199439646,6.181942044158623,16.673332624338627
Berea_Upper_Gray,0.20749305555555556,1199.0440673828125,3.631563199439646,6.181942044158623,16.673332624338627
Berea_Upper_Gray,0.22602141203703704,1076.331787109375,3.9055955033808254,5.693274093618619,12.36931685293693
Berea_Upper_Gray,0.22602141203703704,1076.331787109375,3.9055955033808254,5.69327409361862,12.36931685293693
Berea_Upper_Gray,0.22602141203703704,1076.331787109375,3.9055955033808254,5.69327409361862,12.36931685293693
Berea_Upper_Gray,0.22602141203703704,1076.331787109375,3.9055955033808254,5.69327409361862,12.36931685293693
Berea_Upper_Gray,0.22233275462962962,465.041015625,3.767826291764614,5.6060118937104875,11.57583638105135
Berea_Upper_Gray,0.22233275462962962,465.041015625,3.767826291764614,5.606011893710485,11.57583638105135
Berea_Upper_Gray,0.22233275462962962,465.041015625,3.767826291764614,5.6060118937104875,11.57583638105135
Berea_Upper_Gray,0.22233275462962962,465.041015625,3.767826291764614,5.606011893710487,11.57583638105135
Berea_Upper_Gray,0.17050925925925925,82.10770416259766,3.8563718919470182,5.596491882498366,10.891451493412363
Berea_Upper_Gray,0.17050925925925925,82.10770416259766,3.8563718919470182,5.596491882498366,10.891451493412363
Berea_Upper_Gray,0.17050925925925925,82.10770416259766,3.8563718919470182,5.596491882498367,10.891451493412363
Berea_Upper_Gray,0.17050925925925925,82.10770416259766,3.8563718919470182,5.596491882498366,10.891451493412363
Berea_Upper_Gray,0.20262152777777778,367.9230041503906,3.8563718919470182,5.836662232770797,10.891451493412363
Berea_Upper_Gray,0.20262152777777778,367.923095703125,3.8563718919470182,5.836662232770797,10.891451493412363
Berea_Upper_Gray,0.20262152777777778,367.9230041503906,3.8563718919470182,5.836662232770797,10.891451493412363
Berea_Upper_Gray,0.20262152777777778,367.9230041503906,3.8563718919470182,5.836662232770798,10.891451493412363
Berea_Upper_Gray,0.22726388888888888,426.6637268066406,4.059958465342699,5.720746407790092,11.04535985527129
Berea_Upper_Gray,0.22726388888888888,426.6637268066406,4.059958465342699,5.720746407790093,11.04535985527129
Berea_Upper_Gray,0.22726388888888888,426.6637268066406,4.059958465342699,5.720746407790093,11.04535985527129
Berea_Upper_Gray,0.22726388888888888,426.6637268066406,4.059958465342699,5.72074640779009,11.04535985527129
Berea_Upper_Gray,0.19788136574074075,750.72119140625,3.8752648611908054,5.609431842744036,10.198039018356072
Berea_Upper_Gray,0.19788136574074075,750.72119140625,3.8752648611908054,5.609431842744038,10.198039018356072
Berea_Upper_Gray,0.19788136574074075,750.72119140625,3.8752648611908054,5.609431842744037,10.198039018356072
Berea_Upper_Gray,0.19788136574074075,750.72119140625,3.8752648611908054,5.609431842744036,10.198039018356072
Berea_Upper_Gray,0.2550266203703704,361.3800354003906,3.7077928268434035,5.998719043956157,13.747727646791398
Berea_Upper_Gray,0.2550266203703704,361.3800354003906,3.7077928268434035,5.998719043956159,13.747727646791398
Berea_Upper_Gray,0.2550266203703704,361.3800354003906,3.7077928268434035,5.998719043956157,13.747727646791398
Berea_Upper_Gray,0.2550266203703704,361.3800354003906,3.7077928268434035,5.998719043956159,13.747727646791398
Berea_Upper_Gray,0.23776967592592593,817.692138671875,3.767826291764614,5.5530731092421375,11.57583638105135
Berea_Upper_Gray,0.23776967592592593,817.692138671875,3.767826291764614,5.553073109242136,11.57583638105135
Berea_Upper_Gray,0.23776967592592593,817.692138671875,3.767826291764614,5.553073109242136,11.57583638105135
Berea_Upper_Gray,0.23776967592592593,817.692138671875,3.767826291764614,5.553073109242135,11.57583638105135
Berea_Upper_Gray,0.2658611111111111,1016.3446044921875,4.369892497181681,6.184196141107963,11.277217368447864
Berea_Upper_Gray,0.2658611111111111,1016.3446044921875,4.369892497181681,6.184196141107965,11.277217368447864
Berea_Upper_Gray,0.2658611111111111,1016.3446044921875,4.369892497181681,6.1841961411079645,11.277217368447864
Berea_Upper_Gray,0.2658611111111111,1016.3446044921875,4.369892497181681,6.184196141107965,11.277217368447864
Berea_Upper_Gray,0.22828472222222224,1469.4334716796875,4.098340477443463,5.874885118690018,11.224970376747754
Berea_Upper_Gray,0.22828472222222224,1469.4334716796875,4.098340477443463,5.87488511869002,11.224970376747754
Berea_Upper_Gray,0.22828472222222224,1469.4334716796875,4.098340477443463,5.874885118690018,11.224970376747754
Berea_Upper_Gray,0.22828472222222224,1469.4334716796875,4.098340477443463,5.874885118690018,11.224970376747754
Berea_Upper_Gray,0.2474201388888889,1674.4486083984375,3.833658780024947,6.105346665779885,13.139911978403966
Berea_Upper_Gray,0.2474201388888889,1674.4486083984375,3.833658780024947,6.105346665779886,13.139911978403966
Berea_Upper_Gray,0.2474201388888889,1674.4486083984375,3.833658780024947,6.105346665779888,13.139911978403966
Berea_Upper_Gray,0.2474201388888889,1674.4486083984375,3.833658780024947,6.105346665779887,13.139911978403966
Berea_Upper_Gray,0.20479282407407406,420.32891845703125,3.631928346884643,5.341972251505272,13.190903516904216
Berea_Upper_Gray,0.20479282407407406,420.32891845703125,3.631928346884643,5.341972251505271,13.190903516904216
Berea_Upper_Gray,0.20479282407407406,420.32891845703125,3.631928346884643,5.341972251505271,13.190903516904216
Berea_Upper_Gray,0.20479282407407406,420.32891845703125,3.631928346884643,5.341972251505271,13.190903516904216
Berea_Upper_Gray,0.17591145833333333,524.5770263671875,3.664002606207577,6.109706206972112,15.107070451545495
Berea_Upper_Gray,0.17591145833333333,524.5770263671875,3.664002606207577,6.109706206972114,15.107070451545495
Berea_Upper_Gray,0.17591145833333333,524.5770263671875,3.664002606207577,6.109706206972112,15.107070451545495
Berea_Upper_Gray,0.17591145833333333,524.5770263671875,3.664002606207577,6.109706206972113,15.107070451545495
Berea_Upper_Gray,0.25461921296296297,274.12939453125,3.872983588356413,6.5427149159264735,13.399466542339818
Berea_Upper_Gray,0.25461921296296297,274.12939453125,3.872983588356413,6.5427149159264735,13.399466542339818
Berea_Upper_Gray,0.25461921296296297,274.12939453125,3.872983588356413,6.542714915926474,13.399466542339818
Berea_Upper_Gray,0.25461921296296297,274.12939453125,3.872983588356413,6.542714915926474,13.399466542339818
Berea_Sinter_Gray,0.23302314814814815,1048.864013671875,3.705529871352086,5.508190053620828,11.224970376747754
Berea_Sinter_Gray,0.23302314814814815,1048.864013671875,3.705529871352086,5.508190053620827,11.224970376747754
Berea_Sinter_Gray,0.23302314814814815,1048.864013671875,3.705529871352086,5.508190053620826,11.224970376747754
Berea_Sinter_Gray,0.23302314814814815,1048.864013671875,3.705529871352086,5.508190053620828,11.224970376747754
Berea_Sinter_Gray,0.2963738425925926,1285.035888671875,4.042293301282634,8.10727447861478,16.340135133594455
Berea_Sinter_Gray,0.2963738425925926,1285.035888671875,4.042293301282634,8.107274478614784,16.340135133594455
Berea_Sinter_Gray,0.2963738425925926,1285.035888671875,4.042293301282634,8.10727447861478,16.340135133594455
Berea_Sinter_Gray,0.2963738425925926,1285.035888671875,4.042293301282634,8.107274478614784,16.340135133594455
Berea_Sinter_Gray,0.1830636574074074,83.37753295898438,3.237033278882394,6.778335861032587,14.905222994063115
Berea_Sinter_Gray,0.1830636574074074,83.37753295898438,3.237033278882394,6.778335861032587,14.905222994063115
Berea_Sinter_Gray,0.1830636574074074,83.37753295898438,3.237033278882394,6.778335861032585,14.905222994063115
Berea_Sinter_Gray,0.1830636574074074,83.37753295898438,3.237033278882394,6.778335861032587,14.905222994063115
Berea_Sinter_Gray,0.2006087962962963,1141.2076416015625,4.000000263802373,6.521726642231239,14.254381292074651
Berea_Sinter_Gray,0.2006087962962963,1141.2076416015625,4.000000263802373,6.521726642231237,14.254381292074651
Berea_Sinter_Gray,0.2006087962962963,1141.2076416015625,4.000000263802373,6.521726642231236,14.254381292074651
Berea_Sinter_Gray,0.2006087962962963,1141.2076416015625,4.000000263802373,6.521726642231236,14.254381292074651
Berea_Sinter_Gray,0.3329641203703704,5187.005859375,4.508037570963462,8.779819715100885,17.92569873317342
Berea_Sinter_Gray,0.3329641203703704,5187.005859375,4.508037570963462,8.779819715100883,17.92569873317342
Berea_Sinter_Gray,0.3329641203703704,5187.00634765625,4.508037570963462,8.779819715100885,17.92569873317342
Berea_Sinter_Gray,0.3329641203703704,5187.005859375,4.508037570963462,8.77981971510088,17.92569873317342
Berea_Sinter_Gray,0.2044189814814815,775.1239013671875,3.741657484797887,6.0306648558074,12.542171144784101
Berea_Sinter_Gray,0.2044189814814815,775.1239013671875,3.741657484797887,6.0306648558074,12.542171144784101
Berea_Sinter_Gray,0.2044189814814815,775.1239013671875,3.741657484797887,6.0306648558074,12.542171144784101
Berea_Sinter_Gray,0.2044189814814815,775.1239013671875,3.741657484797887,6.030664855807398,12.542171144784101
Berea_Sinter_Gray,0.2964982638888889,771.180908203125,4.0796217885605905,7.1092030926361245,16.643313937698313
Berea_Sinter_Gray,0.2964982638888889,771.180908203125,4.0796217885605905,7.109203092636126,16.643313937698313
Berea_Sinter_Gray,0.2964982638888889,771.180908203125,4.0796217885605905,7.109203092636127,16.643313937698313
Berea_Sinter_Gray,0.2964982638888889,771.180908203125,4.0796217885605905,7.109203092636126,16.643313937698313
Berea_Sinter_Gray,0.23149768518518518,2851.984375,4.064813998587121,7.276904681287585,14.700359827307134
Berea_Sinter_Gray,0.23149768518518518,2851.98486328125,4.064813998587121,7.276904681287585,14.700359827307134
Berea_Sinter_Gray,0.23149768518518518,2851.98486328125,4.064813998587121,7.276904681287583,14.700359827307134
Berea_Sinter_Gray,0.23149768518518518,2851.98486328125,4.064813998587121,7.2769046812875855,14.700359827307134
Berea_Sinter_Gray,0.24401215277777777,683.0480346679688,3.66791807747696,5.777028819002154,13.453623023082278
Berea_Sinter_Gray,0.24401215277777777,683.048095703125,3.66791807747696,5.777028819002151,13.453623023082278
Berea_Sinter_Gray,0.24401215277777777,683.0481567382812,3.66791807747696,5.777028819002152,13.453623023082278
Berea_Sinter_Gray,0.24401215277777777,683.048095703125,3.66791807747696,5.777028819002151,13.453623023082278
Berea_Sinter_Gray,0.23425636574074074,2138.990234375,3.631928346884643,6.562160492280573,13.190903516904216
Berea_Sinter_Gray,0.23425636574074074,2138.990234375,3.631928346884643,6.562160492280572,13.190903516904216
Berea_Sinter_Gray,0.23425636574074074,2138.990234375,3.631928346884643,6.562160492280575,13.190903516904216
Berea_Sinter_Gray,0.23425636574074074,2138.990234375,3.631928346884643,6.562160492280573,13.190903516904216
Berea_Sinter_Gray,0.38153877314814816,4386.29833984375,4.397045695330313,7.326453446682203,15.394802261840416
Berea_Sinter_Gray,0.38153877314814816,4386.29833984375,4.397045695330313,7.326453446682201,15.394802261840416
Berea_Sinter_Gray,0.38153877314814816,4386.29833984375,4.397045695330313,7.326453446682203,15.394802261840416
Berea_Sinter_Gray,0.38153877314814816,4386.29833984375,4.397045695330313,7.3264534466822,15.394802261840416
Berea_Sinter_Gray,0.24625925925925926,1354.884765625,4.012231423540235,6.521147057145604,12.99999958354357
Berea_Sinter_Gray,0.24625925925925926,1354.884765625,4.012231423540235,6.521147057145605,12.99999958354357
Berea_Sinter_Gray,0.24625925925925926,1354.884765625,4.012231423540235,6.521147057145605,12.99999958354357
Berea_Sinter_Gray,0.24625925925925926,1354.884765625,4.012231423540235,6.521147057145605,12.99999958354357
Berea_Sinter_Gray,0.26144328703703706,1708.2213134765625,3.9723710356656023,7.418978915506542,15.779731644995012
Berea_Sinter_Gray,0.26144328703703706,1708.2213134765625,3.9723710356656023,7.418978915506542,15.779731644995012
Berea_Sinter_Gray,0.26144328703703706,1708.2213134765625,3.9723710356656023,7.418978915506542,15.779731644995012
Berea_Sinter_Gray,0.26144328703703706,1708.2213134765625,3.9723710356656023,7.418978915506542,15.779731644995012
Berea_Sinter_Gray,0.1702175925925926,264.2456970214844,3.884704885333662,6.221194851510279,12.247447798760023
Berea_Sinter_Gray,0.1702175925925926,264.2456970214844,3.884704885333662,6.22119485151028,12.247447798760023
Berea_Sinter_Gray,0.1702175925925926,264.2456970214844,3.884704885333662,6.2211948515102815,12.247447798760023
Berea_Sinter_Gray,0.1702175925925926,264.2456970214844,3.884704885333662,6.221194851510281,12.247447798760023
Berea_Sinter_Gray,0.16872048611111112,565.484375,3.705529871352086,5.4024526472672125,11.224970376747754
Berea_Sinter_Gray,0.16872048611111112,565.484375,3.705529871352086,5.402452647267214,11.224970376747754
Berea_Sinter_Gray,0.16872048611111112,565.484375,3.705529871352086,5.4024526472672125,11.224970376747754
Berea_Sinter_Gray,0.16872048611111112,565.484375,3.705529871352086,5.4024526472672125,11.224970376747754
Berea_Sinter_Gray,0.27272280092592593,2395.664794921875,3.960352068201568,7.031522557469461,13.984805855692839
Berea_Sinter_Gray,0.27272280092592593,2395.664794921875,3.960352068201568,7.031522557469461,13.984805855692839
Berea_Sinter_Gray,0.27272280092592593,2395.664794921875,3.960352068201568,7.031522557469459,13.984805855692839
Berea_Sinter_Gray,0.27272280092592593,2395.664794921875,3.960352068201568,7.0315225574694615,13.984805855692839
Berea_Sinter_Gray,0.1767366898148148,498.21612548828125,3.769969306095165,6.19258223179203,14.212668568899659
Berea_Sinter_Gray,0.1767366898148148,498.21612548828125,3.769969306095165,6.192582231792031,14.212668568899659
Berea_Sinter_Gray,0.1767366898148148,498.2160949707031,3.769969306095165,6.19258223179203,14.212668568899659
Berea_Sinter_Gray,0.1767366898148148,498.21612548828125,3.769969306095165,6.192582231792031,14.212668568899659
Berea_Sinter_Gray,0.2675017361111111,1591.1304931640625,3.9055955033808254,6.197394676030858,12.36931685293693
Berea_Sinter_Gray,0.2675017361111111,1591.1304931640625,3.9055955033808254,6.197394676030859,12.36931685293693
Berea_Sinter_Gray,0.2675017361111111,1591.13037109375,3.9055955033808254,6.197394676030856,12.36931685293693
Berea_Sinter_Gray,0.2675017361111111,1591.1304931640625,3.9055955033808254,6.197394676030856,12.36931685293693
Berea_Buff,0.27792534722222223,3868.716552734375,4.513431000469776,7.88340462851998,16.155494658690014
Berea_Buff,0.27792534722222223,3868.716552734375,4.513431000469776,7.883404628519976,16.155494658690014
Berea_Buff,0.27792534722222223,3868.716552734375,4.513431000469776,7.883404628519976,16.155494658690014
Berea_Buff,0.27792534722222223,3868.716552734375,4.513431000469776,7.8834046285199735,16.155494658690014
Berea_Buff,0.24949305555555557,2819.409912109375,4.536686747935366,7.635992184515339,16.30950755823499
Berea_Buff,0.24949305555555557,2819.40966796875,4.536686747935366,7.63599218451534,16.30950755823499
Berea_Buff,0.24949305555555557,2819.409912109375,4.536686747935366,7.63599218451534,16.30950755823499
Berea_Buff,0.24949305555555557,2819.40966796875,4.536686747935366,7.635992184515336,16.30950755823499
Berea_Buff,0.24438715277777778,2569.408447265625,5.045417989065044,8.661879520876338,16.031218930573424
Berea_Buff,0.24438715277777778,2569.408447265625,5.045417989065044,8.66187952087634,16.031218930573424
Berea_Buff,0.24438715277777778,2569.408447265625,5.045417989065044,8.66187952087634,16.031218930573424
Berea_Buff,0.24438715277777778,2569.408447265625,5.045417989065044,8.661879520876338,16.031218930573424
Berea_Buff,0.2058449074074074,1727.75244140625,4.776510378433368,6.911934042100632,14.594519983140017
Berea_Buff,0.2058449074074074,1727.75244140625,4.776510378433368,6.911934042100629,14.594519983140017
Berea_Buff,0.2058449074074074,1727.75244140625,4.776510378433368,6.911934042100632,14.594519983140017
Berea_Buff,0.2058449074074074,1727.7525634765625,4.776510378433368,6.911934042100629,14.594519983140017
Berea_Buff,0.3277633101851852,4409.73486328125,4.963657813068918,8.005095989719198,15.588457542915263
Berea_Buff,0.3277633101851852,4409.73486328125,4.963657813068918,8.0050959897192,15.588457542915263
Berea_Buff,0.3277633101851852,4409.73486328125,4.963657813068918,8.005095989719203,15.588457542915263
Berea_Buff,0.3277633101851852,4409.73486328125,4.963657813068918,8.005095989719202,15.588457542915263
Berea_Buff,0.25885011574074074,1626.0098876953125,6.254313151093455,9.50323556950864,16.62680312316026
Berea_Buff,0.25885011574074074,1626.0098876953125,6.254313151093455,9.503235569508636,16.62680312316026
Berea_Buff,0.25885011574074074,1626.0098876953125,6.254313151093455,9.503235569508634,16.62680312316026
Berea_Buff,0.25885011574074074,1626.0098876953125,6.254313151093455,9.503235569508632,16.62680312316026
Berea_Buff,0.23178356481481482,1553.326416015625,4.613446783133468,7.273393528710577,14.955962696443185
Berea_Buff,0.23178356481481482,1553.326904296875,4.613446783133468,7.273393528710578,14.955962696443185
Berea_Buff,0.23178356481481482,1553.3265380859375,4.613446783133468,7.2733935287105815,14.955962696443185
Berea_Buff,0.23178356481481482,1553.3265380859375,4.613446783133468,7.273393528710577,14.955962696443185
Berea_Buff,0.171375,431.0304870605469,4.093574534188822,6.716897069194642,12.104613716851995
Berea_Buff,0.171375,431.0304870605469,4.093574534188822,6.7168970691946415,12.104613716851995
Berea_Buff,0.171375,431.0304870605469,4.093574534188822,6.716897069194642,12.104613716851995
Berea_Buff,0.171375,431.0304870605469,4.093574534188822,6.716897069194642,12.104613716851995
Berea_Buff,0.22907118055555556,541.7926025390625,4.123105814922457,8.162677185523561,15.107070451545495
Berea_Buff,0.22907118055555556,541.7926635742188,4.123105814922457,8.162677185523561,15.107070451545495
Berea_Buff,0.22907118055555556,541.7926025390625,4.123105814922457,8.162677185523561,15.107070451545495
Berea_Buff,0.22907118055555556,541.7926025390625,4.123105814922457,8.162677185523561,15.107070451545495
Berea_Buff,0.29201331018518517,4672.84375,5.318966765253162,8.770284784600756,17.54992769368888
Berea_Buff,0.29201331018518517,4672.84375,5.318966765253162,8.770284784600753,17.54992769368888
Berea_Buff,0.29201331018518517,4672.84375,5.318966765253162,8.77028478460076,17.54992769368888
Berea_Buff,0.29201331018518517,4672.84326171875,5.318966765253162,8.770284784600754,17.54992769368888
Berea_Buff,0.27822395833333335,3969.199462890625,5.455752651865246,8.350616952494017,13.484778931738408
Berea_Buff,0.27822395833333335,3969.199462890625,5.455752651865246,8.350616952494017,13.484778931738408
Berea_Buff,0.27822395833333335,3969.199462890625,5.455752651865246,8.350616952494017,13.484778931738408
Berea_Buff,0.27822395833333335,3969.199462890625,5.455752651865246,8.350616952494013,13.484778931738408
Berea_Buff,0.3208888888888889,4112.4013671875,6.472805475175705,9.964875854688882,19.8494322322901
Berea_Buff,0.3208888888888889,4112.4013671875,6.472805475175705,9.964875854688888,19.8494322322901
Berea_Buff,0.3208888888888889,4112.4013671875,6.472805475175705,9.964875854688888,19.8494322322901
Berea_Buff,0.3208888888888889,4112.4013671875,6.472805475175705,9.964875854688884,19.8494322322901
Berea_Buff,0.22596875,1338.2908935546875,5.102177178148011,7.0802045273455025,13.564658274654297
Berea_Buff,0.22596875,1338.2908935546875,5.102177178148011,7.080204527345506,13.564658274654297
Berea_Buff,0.22596875,1338.291015625,5.102177178148011,7.080204527345502,13.564658274654297
Berea_Buff,0.22596875,1338.291015625,5.102177178148011,7.0802045273455025,13.564658274654297
Berea_Buff,0.22983738425925926,1321.7060546875,4.921520664254383,7.836409298163206,15.362290206641793
Berea_Buff,0.22983738425925926,1321.7060546875,4.921520664254383,7.836409298163206,15.362290206641793
Berea_Buff,0.22983738425925926,1321.7060546875,4.921520664254383,7.836409298163206,15.362290206641793
Berea_Buff,0.22983738425925926,1321.7060546875,4.921520664254383,7.836409298163207,15.362290206641793
Berea_Buff,0.21528472222222222,1698.4337158203125,4.564176237123291,8.333244066841683,16.492422083876153
Berea_Buff,0.21528472222222222,1698.4337158203125,4.564176237123291,8.33324406684168,16.492422083876153
Berea_Buff,0.21528472222222222,1698.4337158203125,4.564176237123291,8.333244066841688,16.492422083876153
Berea_Buff,0.21528472222222222,1698.4337158203125,4.564176237123291,8.333244066841687,16.492422083876153
Berea_Buff,0.26121354166666666,1645.0732421875,4.622254363086703,8.384345211500094,15.006515897782995
Berea_Buff,0.26121354166666666,1645.0732421875,4.622254363086703,8.384345211500095,15.006515897782995
Berea_Buff,0.26121354166666666,1645.0732421875,4.622254363086703,8.384345211500095,15.006515897782995
Berea_Buff,0.26121354166666666,1645.0732421875,4.622254363086703,8.384345211500094,15.006515897782995
Berea_Buff,0.28228703703703706,6850.5283203125,5.195600996453064,7.4174279535775725,13.964238776657742
Berea_Buff,0.28228703703703706,6850.5283203125,5.195600996453064,7.417427953577575,13.964238776657742
Berea_Buff,0.28228703703703706,6850.5283203125,5.195600996453064,7.417427953577571,13.964238776657742
Berea_Buff,0.28228703703703706,6850.5283203125,5.195600996453064,7.417427953577574,13.964238776657742
Berea_Buff,0.31121354166666665,8826.8408203125,5.18389283877461,8.897209892960145,14.93061645778251
Berea_Buff,0.31121354166666665,8826.83984375,5.18389283877461,8.897209892960143,14.93061645778251
Berea_Buff,0.31121354166666665,8826.8408203125,5.18389283877461,8.897209892960143,14.93061645778251
Berea_Buff,0.31121354166666665,8826.8408203125,5.18389283877461,8.897209892960145,14.93061645778251
Berea_Buff,0.3127991898148148,6916.943359375,5.608054922500381,8.742031725808044,15.779731644995012
Berea_Buff,0.3127991898148148,6916.943359375,5.608054922500381,8.742031725808038,15.779731644995012
Berea_Buff,0.3127991898148148,6916.943359375,5.608054922500381,8.74203172580804,15.779731644995012
Berea_Buff,0.3127991898148148,6916.943359375,5.608054922500381,8.742031725808038,15.779731644995012
Berea,0.2531857638888889,1573.3507080078125,3.805396118579672,6.001449447229374,10.638032431802573
Berea,0.2531857638888889,1573.3507080078125,3.805396118579672,6.001449447229369,10.638032431802573
Berea,0.2531857638888889,1573.3507080078125,3.805396118579672,6.001449447229373,10.638032431802573
Berea,0.2531857638888889,1573.3507080078125,3.805396118579672,6.001449447229373,10.638032431802573
Berea,0.2290428240740741,2585.203369140625,3.84199221261014,6.043106448666551,11.99999857031013
Berea,0.2290428240740741,2585.20361328125,3.84199221261014,6.043106448666549,11.99999857031013
Berea,0.2290428240740741,2585.203369140625,3.84199221261014,6.043106448666551,11.99999857031013
Berea,0.2290428240740741,2585.203369140625,3.84199221261014,6.043106448666551,11.99999857031013
Berea,0.26210648148148147,1245.53271484375,4.863899176229306,8.323639536934326,18.54723586123482
Berea,0.26210648148148147,1245.53271484375,4.863899176229306,8.323639536934326,18.54723586123482
Berea,0.26210648148148147,1245.53271484375,4.863899176229306,8.323639536934325,18.54723586123482
Berea,0.26210648148148147,1245.53271484375,4.863899176229306,8.323639536934323,18.54723586123482
Berea,0.2925775462962963,1876.296142578125,4.25534144454775,6.863574654272398,12.963734131138082
Berea,0.2925775462962963,1876.296142578125,4.25534144454775,6.863574654272398,12.963734131138082
Berea,0.2925775462962963,1876.296142578125,4.25534144454775,6.8635746542724005,12.963734131138082
Berea,0.2925775462962963,1876.296142578125,4.25534144454775,6.863574654272399,12.963734131138082
Berea,0.2859542824074074,1117.8101806640625,3.884704885333662,5.6984974102552926,12.247447798760023
Berea,0.2859542824074074,1117.8101806640625,3.884704885333662,5.698497410255292,12.247447798760023
Berea,0.2859542824074074,1117.8101806640625,3.884704885333662,5.698497410255293,12.247447798760023
Berea,0.2859542824074074,1117.8101806640625,3.884704885333662,5.6984974102552926,12.247447798760023
Berea,0.23983391203703705,147.64691162109375,3.445534228863297,6.330586724580376,14.866069191748569
Berea,0.23983391203703705,147.64691162109375,3.445534228863297,6.330586724580376,14.866069191748569
Berea,0.23983391203703705,147.64691162109375,3.445534228863297,6.330586724580376,14.866069191748569
Berea,0.23983391203703705,147.64691162109375,3.445534228863297,6.330586724580376,14.866069191748569
Berea,0.24240104166666668,1135.765869140625,3.9797291453889385,5.881390102452646,12.806247029276168
Berea,0.24240104166666668,1135.765869140625,3.9797291453889385,5.881390102452647,12.806247029276168
Berea,0.24240104166666668,1135.765625,3.9797291453889385,5.881390102452645,12.806247029276168
Berea,0.24240104166666668,1135.765625,3.9797291453889385,5.881390102452646,12.806247029276168
Berea,0.24626851851851853,852.0858154296875,3.6526244626836464,5.855901462420958,11.97640006157977
Berea,0.24626851851851853,852.0858154296875,3.6526244626836464,5.855901462420957,11.97640006157977
Berea,0.24626851851851853,852.0858154296875,3.6526244626836464,5.855901462420954,11.97640006157977
Berea,0.24626851851851853,852.0858154296875,3.6526244626836464,5.855901462420954,11.97640006157977
Berea,0.2684079861111111,2915.126220703125,4.562338722217528,6.882325139140825,12.104613716851995
Berea,0.2684079861111111,2915.126220703125,4.562338722217528,6.882325139140828,12.104613716851995
Berea,0.2684079861111111,2915.126220703125,4.562338722217528,6.88232513914083,12.104613716851995
Berea,0.2684079861111111,2915.1259765625,4.562338722217528,6.88232513914083,12.104613716851995
Berea,0.271890625,839.822021484375,4.0796217885605905,6.654089539572246,16.643313937698313
Berea,0.271890625,839.822021484375,4.0796217885605905,6.65408953957225,16.643313937698313
Berea,0.271890625,839.822021484375,4.0796217885605905,6.6540895395722455,16.643313937698313
Berea,0.271890625,839.822021484375,4.0796217885605905,6.654089539572247,16.643313937698313
Berea,0.24114814814814814,1002.1399536132812,3.741657484797887,5.71468557652136,12.542171144784101
Berea,0.24114814814814814,1002.1399536132812,3.741657484797887,5.714685576521357,12.542171144784101
Berea,0.24114814814814814,1002.1399536132812,3.741657484797887,5.714685576521357,12.542171144784101
Berea,0.24114814814814814,1002.1399536132812,3.741657484797887,5.71468557652136,12.542171144784101
Berea,0.2275925925925926,429.74853515625,3.973142323168907,5.730539705549928,12.76714422073302
Berea,0.2275925925925926,429.74853515625,3.973142323168907,5.730539705549928,12.76714422073302
Berea,0.2275925925925926,429.74853515625,3.973142323168907,5.730539705549928,12.76714422073302
Berea,0.2275925925925926,429.74853515625,3.973142323168907,5.730539705549927,12.76714422073302
Berea,0.22047627314814816,421.9625244140625,3.9598800792228324,5.856408460924501,11.413988870062543
Berea,0.22047627314814816,421.9625244140625,3.9598800792228324,5.8564084609245,11.413988870062543
Berea,0.22047627314814816,421.9625244140625,3.9598800792228324,5.8564084609245,11.413988870062543
Berea,0.22047627314814816,421.9625244140625,3.9598800792228324,5.856408460924501,11.413988870062543
Berea,0.2883246527777778,1145.7420654296875,4.0628059143023645,6.2922771356942135,13.304133735235164
Berea,0.2883246527777778,1145.7421875,4.0628059143023645,6.292277135694214,13.304133735235164
Berea,0.2883246527777778,1145.7420654296875,4.0628059143023645,6.292277135694215,13.304133735235164
Berea,0.2883246527777778,1145.7420654296875,4.0628059143023645,6.292277135694218,13.304133735235164
Berea,0.2985185185185185,1882.1796875,3.9598800792228324,6.14281124156452,11.413988870062543
Berea,0.2985185185185185,1882.179931640625,3.9598800792228324,6.142811241564523,11.413988870062543
Berea,0.2985185185185185,1882.179931640625,3.9598800792228324,6.1428112415645195,11.413988870062543
Berea,0.2985185185185185,1882.1796875,3.9598800792228324,6.14281124156452,11.413988870062543
Berea,0.27324131944444446,3449.65087890625,3.9763539875748455,6.802730435379887,14.093309607176273
Berea,0.27324131944444446,3449.650146484375,3.9763539875748455,6.802730435379888,14.093309607176273
Berea,0.27324131944444446,3449.650146484375,3.9763539875748455,6.80273043537989,14.093309607176273
Berea,0.27324131944444446,3449.650146484375,3.9763539875748455,6.802730435379889,14.093309607176273
Berea,0.24457002314814816,1601.81982421875,3.944153622669803,6.79025976352633,15.556347799219328
Berea,0.24457002314814816,1601.8199462890625,3.944153622669803,6.790259763526333,15.556347799219328
Berea,0.24457002314814816,1601.8199462890625,3.944153622669803,6.790259763526333,15.556347799219328
Berea,0.24457002314814816,1601.8199462890625,3.944153622669803,6.7902597635263335,15.556347799219328
Berea,0.18639409722222222,662.662109375,3.855654184668092,6.269904616483995,14.866069191748569
Berea,0.18639409722222222,662.662109375,3.855654184668092,6.269904616483994,14.866069191748569
Berea,0.18639409722222222,662.662109375,3.855654184668092,6.269904616483996,14.866069191748569
Berea,0.18639409722222222,662.662109375,3.855654184668092,6.269904616483995,14.866069191748569
Berea,0.3064016203703704,5673.650390625,4.3198694154518105,7.164955342693227,13.313559138003084
Berea,0.3064016203703704,5673.650390625,4.3198694154518105,7.164955342693226,13.313559138003084
Berea,0.3064016203703704,5673.650390625,4.3198694154518105,7.164955342693227,13.313559138003084
Berea,0.3064016203703704,5673.650390625,4.3198694154518105,7.164955342693228,13.313559138003084
Berea,0.23871469907407408,654.5186157226562,3.7126878721545418,6.045424880598838,12.356709652850487
Berea,0.23871469907407408,654.5186767578125,3.7126878721545418,6.045424880598842,12.356709652850487
Berea,0.23871469907407408,654.5186767578125,3.7126878721545418,6.0454248805988415,12.356709652850487
Berea,0.23871469907407408,654.5186767578125,3.7126878721545418,6.045424880598839,12.356709652850487
Bentheimer,0.22361053240740741,1522.7044677734375,4.750172094258424,7.024728330608718,12.934116827943688
Bentheimer,0.22361053240740741,1522.7044677734375,4.750172094258424,7.024728330608718,12.934116827943688
Bentheimer,0.22361053240740741,1522.7044677734375,4.750172094258424,7.024728330608714,12.934116827943688
Bentheimer,0.22361053240740741,1522.7044677734375,4.750172094258424,7.024728330608718,12.934116827943688
Bentheimer,0.2723564814814815,271.1772766113281,5.113023263506493,7.793645551947722,16.401220785827423
Bentheimer,0.2723564814814815,271.1772155761719,5.113023263506493,7.793645551947721,16.401220785827423
Bentheimer,0.2723564814814815,271.1772766113281,5.113023263506493,7.793645551947725,16.401220785827423
Bentheimer,0.2723564814814815,271.1772155761719,5.113023263506493,7.793645551947723,16.401220785827423
Bentheimer,0.2613605324074074,2039.1602783203125,5.398117035061097,9.2925978509066,18.000000106278666
Bentheimer,0.2613605324074074,2039.1600341796875,5.398117035061097,9.292597850906596,18.000000106278666
Bentheimer,0.2613605324074074,2039.1605224609375,5.398117035061097,9.2925978509066,18.000000106278666
Bentheimer,0.2613605324074074,2039.1605224609375,5.398117035061097,9.292597850906601,18.000000106278666
Bentheimer,0.2600966435185185,2402.869873046875,4.4945913530167365,7.447847001424555,16.031218930573424
Bentheimer,0.2600966435185185,2402.869873046875,4.4945913530167365,7.447847001424555,16.031218930573424
Bentheimer,0.2600966435185185,2402.869873046875,4.4945913530167365,7.447847001424557,16.031218930573424
Bentheimer,0.2600966435185185,2402.869873046875,4.4945913530167365,7.447847001424554,16.031218930573424
Bentheimer,0.3260648148148148,4914.015625,4.489848514021325,7.219933065899558,14.254381292074651
Bentheimer,0.3260648148148148,4914.015625,4.489848514021325,7.219933065899557,14.254381292074651
Bentheimer,0.3260648148148148,4914.01611328125,4.489848514021325,7.219933065899558,14.254381292074651
Bentheimer,0.3260648148148148,4914.01611328125,4.489848514021325,7.219933065899556,14.254381292074651
Bentheimer,0.20423842592592592,976.3068237304688,4.977546207928408,7.218622337352351,11.715391167962487
Bentheimer,0.20423842592592592,976.3068237304688,4.977546207928408,7.218622337352354,11.715391167962487
Bentheimer,0.20423842592592592,976.3068237304688,4.977546207928408,7.218622337352351,11.715391167962487
Bentheimer,0.20423842592592592,976.3068237304688,4.977546207928408,7.218622337352351,11.715391167962487
Bentheimer,0.25550925925925927,3329.299072265625,4.730183310239779,7.305162198084236,12.844822164981183
Bentheimer,0.25550925925925927,3329.299072265625,4.730183310239779,7.305162198084235,12.844822164981183
Bentheimer,0.25550925925925927,3329.29931640625,4.730183310239779,7.305162198084237,12.844822164981183
Bentheimer,0.25550925925925927,3329.299072265625,4.730183310239779,7.305162198084236,12.844822164981183
Bentheimer,0.24580092592592592,547.3204345703125,4.4945913530167365,7.261366660381503,16.031218930573424
Bentheimer,0.24580092592592592,547.3204345703125,4.4945913530167365,7.261366660381503,16.031218930573424
Bentheimer,0.24580092592592592,547.3204345703125,4.4945913530167365,7.261366660381504,16.031218930573424
Bentheimer,0.24580092592592592,547.3204345703125,4.4945913530167365,7.261366660381503,16.031218930573424
Bentheimer,0.23779976851851853,1533.457763671875,4.730183310239779,7.008876720993508,12.844822164981183
Bentheimer,0.23779976851851853,1533.457763671875,4.730183310239779,7.008876720993507,12.844822164981183
Bentheimer,0.23779976851851853,1533.4580078125,4.730183310239779,7.008876720993508,12.844822164981183
Bentheimer,0.23779976851851853,1533.4580078125,4.730183310239779,7.0088767209935074,12.844822164981183
Bentheimer,0.2561452546296296,2215.065673828125,4.769958927971692,7.279939277525972,13.022747561664554
Bentheimer,0.2561452546296296,2215.065673828125,4.769958927971692,7.279939277525973,13.022747561664554
Bentheimer,0.2561452546296296,2215.065673828125,4.769958927971692,7.279939277525973,13.022747561664554
Bentheimer,0.2561452546296296,2215.065673828125,4.769958927971692,7.279939277525973,13.022747561664554
Bentheimer,0.3427384259259259,3708.58544921875,5.010774161321268,7.819148966047472,15.842979132010136
Bentheimer,0.3427384259259259,3708.58544921875,5.010774161321268,7.819148966047472,15.842979132010136
Bentheimer,0.3427384259259259,3708.584716796875,5.010774161321268,7.819148966047472,15.842979132010136
Bentheimer,0.3427384259259259,3708.58544921875,5.010774161321268,7.81914896604747,15.842979132010136
Bentheimer,0.3019016203703704,5677.2900390625,5.205232125214365,8.747275330555432,16.911535090607945
Bentheimer,0.3019016203703704,5677.291015625,5.205232125214365,8.747275330555428,16.911535090607945
Bentheimer,0.3019016203703704,5677.291015625,5.205232125214365,8.74727533055543,16.911535090607945
Bentheimer,0.3019016203703704,5677.291015625,5.205232125214365,8.747275330555428,16.911535090607945
Bentheimer,0.2814855324074074,2519.216796875,4.769958927971692,7.741319874362734,13.022747561664554
Bentheimer,0.2814855324074074,2519.216796875,4.769958927971692,7.741319874362734,13.022747561664554
Bentheimer,0.2814855324074074,2519.216796875,4.769958927971692,7.741319874362732,13.022747561664554
Bentheimer,0.2814855324074074,2519.216796875,4.769958927971692,7.741319874362735,13.022747561664554
Bentheimer,0.2336255787037037,1613.1209716796875,4.527422878508507,8.094661564865014,16.248076644763767
Bentheimer,0.2336255787037037,1613.1209716796875,4.527422878508507,8.094661564865014,16.248076644763767
Bentheimer,0.2336255787037037,1613.1209716796875,4.527422878508507,8.094661564865016,16.248076644763767
Bentheimer,0.2336255787037037,1613.1209716796875,4.527422878508507,8.094661564865014,16.248076644763767
Bentheimer,0.24277372685185186,1537.9296875,4.555012415465985,7.453022965762994,13.453623023082278
Bentheimer,0.24277372685185186,1537.9296875,4.555012415465985,7.4530229657629965,13.453623023082278
Bentheimer,0.24277372685185186,1537.9296875,4.555012415465985,7.453022965762997,13.453623023082278
Bentheimer,0.24277372685185186,1537.9296875,4.555012415465985,7.453022965762994,13.453623023082278
Bentheimer,0.2815173611111111,2290.902587890625,5.097318377657669,7.749207376232893,17.842298748784298
Bentheimer,0.2815173611111111,2290.902587890625,5.097318377657669,7.749207376232894,17.842298748784298
Bentheimer,0.2815173611111111,2290.902587890625,5.097318377657669,7.749207376232893,17.842298748784298
Bentheimer,0.2815173611111111,2290.902587890625,5.097318377657669,7.749207376232892,17.842298748784298
Bentheimer,0.1966394675925926,672.0050048828125,4.8153684799302425,7.453765136669865,14.798648129354603
Bentheimer,0.1966394675925926,672.0050048828125,4.8153684799302425,7.453765136669868,14.798648129354603
Bentheimer,0.1966394675925926,672.0050048828125,4.8153684799302425,7.453765136669865,14.798648129354603
Bentheimer,0.1966394675925926,672.0050048828125,4.8153684799302425,7.453765136669867,14.798648129354603
Bentheimer,0.2578078703703704,3187.347412109375,4.598545046310393,7.133041995507973,13.67479306373166
Bentheimer,0.2578078703703704,3187.347412109375,4.598545046310393,7.133041995507973,13.67479306373166
Bentheimer,0.2578078703703704,3187.347412109375,4.598545046310393,7.133041995507974,13.67479306373166
Bentheimer,0.2578078703703704,3187.347412109375,4.598545046310393,7.1330419955079725,13.67479306373166
Bentheimer,0.2516082175925926,1746.057373046875,5.076034135443226,7.181829847029074,13.453623023082278
Bentheimer,0.2516082175925926,1746.057373046875,5.076034135443226,7.181829847029076,13.453623023082278
Bentheimer,0.2516082175925926,1746.057373046875,5.076034135443226,7.181829847029074,13.453623023082278
Bentheimer,0.2516082175925926,1746.057373046875,5.076034135443226,7.181829847029074,13.453623023082278
Bentheimer,0.2610769675925926,1090.865966796875,4.712118449658737,8.097515266390662,17.492854138527438
Bentheimer,0.2610769675925926,1090.865966796875,4.712118449658737,8.097515266390662,17.492854138527438
Bentheimer,0.2610769675925926,1090.865966796875,4.712118449658737,8.097515266390662,17.492854138527438
Bentheimer,0.2610769675925926,1090.86572265625,4.712118449658737,8.09751526639066,17.492854138527438
Bentheimer,0.24414756944444443,2882.3564453125,4.866023823023984,8.427573559565388,13.456406356667104
Bentheimer,0.24414756944444443,2882.3564453125,4.866023823023984,8.427573559565385,13.456406356667104
Bentheimer,0.24414756944444443,2882.3564453125,4.866023823023984,8.427573559565385,13.456406356667104
Bentheimer,0.24414756944444443,2882.3564453125,4.866023823023984,8.427573559565387,13.456406356667104
Bentheimer,0.24448263888888888,1684.9344482421875,4.6090259891082725,7.175716894673621,14.93061645778251
Bentheimer,0.24448263888888888,1684.9344482421875,4.6090259891082725,7.175716894673618,14.93061645778251
Bentheimer,0.24448263888888888,1684.9344482421875,4.6090259891082725,7.175716894673618,14.93061645778251
Bentheimer,0.24448263888888888,1684.9344482421875,4.6090259891082725,7.175716894673619,14.93061645778251
Bentheimer,0.2433136574074074,3518.0,4.508740680408535,8.120513025374402,16.124513844423173
Bentheimer,0.2433136574074074,3518.0,4.508740680408535,8.120513025374404,16.124513844423173
Bentheimer,0.2433136574074074,3518.0,4.508740680408535,8.120513025374404,16.124513844423173
Bentheimer,0.2433136574074074,3518.0,4.508740680408535,8.120513025374406,16.124513844423173
Bentheimer,0.2608096064814815,2866.067626953125,5.323998237603013,8.58288291937811,17.578396747600692
Bentheimer,0.2608096064814815,2866.067626953125,5.323998237603013,8.582882919378108,17.578396747600692
Bentheimer,0.2608096064814815,2866.067626953125,5.323998237603013,8.582882919378106,17.578396747600692
Bentheimer,0.2608096064814815,2866.067626953125,5.323998237603013,8.582882919378111,17.578396747600692
Bentheimer,0.2164207175925926,1457.8778076171875,5.073853132205899,8.056840032687411,16.18641503641996
Bentheimer,0.2164207175925926,1457.8778076171875,5.073853132205899,8.056840032687408,16.18641503641996
Bentheimer,0.2164207175925926,1457.877685546875,5.073853132205899,8.05684003268741,16.18641503641996
Bentheimer,0.2164207175925926,1457.8778076171875,5.073853132205899,8.056840032687411,16.18641503641996
Bentheimer,0.2464704861111111,1564.98095703125,4.6784309821750565,8.596763969745934,17.262675680557532
Bentheimer,0.2464704861111111,1564.98095703125,4.6784309821750565,8.596763969745936,17.262675680557532
Bentheimer,0.2464704861111111,1564.98095703125,4.6784309821750565,8.596763969745936,17.262675680557532
Bentheimer,0.2464704861111111,1564.98095703125,4.6784309821750565,8.596763969745938,17.262675680557532
Bentheimer,0.2666574074074074,3701.79638671875,5.039684587344685,7.5168833817380865,14.254381292074651
Bentheimer,0.2666574074074074,3701.79638671875,5.039684587344685,7.516883381738086,14.254381292074651
Bentheimer,0.2666574074074074,3701.79638671875,5.039684587344685,7.5168833817380865,14.254381292074651
Bentheimer,0.2666574074074074,3701.79638671875,5.039684587344685,7.516883381738085,14.254381292074651
Bentheimer,0.23947743055555556,1548.2862548828125,4.641099405133868,6.92646237173015,13.892443366349555
Bentheimer,0.23947743055555556,1548.286376953125,4.641099405133868,6.926462371730148,13.892443366349555
Bentheimer,0.23947743055555556,1548.2862548828125,4.641099405133868,6.926462371730151,13.892443366349555
Bentheimer,0.23947743055555556,1548.2862548828125,4.641099405133868,6.926462371730146,13.892443366349555
Bentheimer,0.2212667824074074,1619.461181640625,4.555012415465985,7.119136605602423,13.453623023082278
Bentheimer,0.2212667824074074,1619.461181640625,4.555012415465985,7.119136605602423,13.453623023082278
Bentheimer,0.2212667824074074,1619.461181640625,4.555012415465985,7.1191366056024235,13.453623023082278
Bentheimer,0.2212667824074074,1619.461181640625,4.555012415465985,7.119136605602421,13.453623023082278
Bentheimer,0.21714872685185185,3445.050048828125,4.489848514021325,7.258410297899964,14.254381292074651
Bentheimer,0.21714872685185185,3445.050048828125,4.489848514021325,7.258410297899965,14.254381292074651
Bentheimer,0.21714872685185185,3445.050048828125,4.489848514021325,7.2584102978999665,14.254381292074651
Bentheimer,0.21714872685185185,3445.050048828125,4.489848514021325,7.258410297899964,14.254381292074651
Bentheimer,0.20604282407407407,1829.2529296875,4.461101724263163,7.60937731296294,14.093309607176273
Bentheimer,0.20604282407407407,1829.2529296875,4.461101724263163,7.60937731296294,14.093309607176273
Bentheimer,0.20604282407407407,1829.252685546875,4.461101724263163,7.609377312962941,14.093309607176273
Bentheimer,0.20604282407407407,1829.252685546875,4.461101724263163,7.6093773129629385,14.093309607176273
Bentheimer,0.29305729166666666,6127.73876953125,5.887982936285657,9.02368165084017,17.058721082487274
Bentheimer,0.29305729166666666,6127.73876953125,5.887982936285657,9.02368165084017,17.058721082487274
Bentheimer,0.29305729166666666,6127.73876953125,5.887982936285657,9.023681650840167,17.058721082487274
Bentheimer,0.29305729166666666,6127.73876953125,5.887982936285657,9.02368165084017,17.058721082487274
Bentheimer,0.327224537037037,9010.2099609375,6.986368254327698,10.316299181039001,16.353529304278123
Bentheimer,0.327224537037037,9010.2109375,6.986368254327698,10.316299181039,16.353529304278123
Bentheimer,0.327224537037037,9010.2099609375,6.986368254327698,10.316299181039,16.353529304278123
Bentheimer,0.327224537037037,9010.2099609375,6.986368254327698,10.316299181039,16.353529304278123
Bentheimer,0.31610474537037037,2740.766845703125,5.14602680883249,8.594519628292176,16.583124520476773
Bentheimer,0.31610474537037037,2740.766845703125,5.14602680883249,8.594519628292174,16.583124520476773
Bentheimer,0.31610474537037037,2740.766845703125,5.14602680883249,8.594519628292174,16.583124520476773
Bentheimer,0.31610474537037037,2740.766845703125,5.14602680883249,8.594519628292174,16.583124520476773
Bentheimer,0.23212037037037037,2026.4122314453125,4.927858407571451,8.34356683770643,16.806304838990258
Bentheimer,0.23212037037037037,2026.4122314453125,4.927858407571451,8.343566837706428,16.806304838990258
Bentheimer,0.23212037037037037,2026.4122314453125,4.927858407571451,8.343566837706426,16.806304838990258
Bentheimer,0.23212037037037037,2026.4122314453125,4.927858407571451,8.343566837706426,16.806304838990258
Bentheimer,0.24016608796296296,4132.3037109375,4.957691049429405,7.699054877275914,15.556347799219328
Bentheimer,0.24016608796296296,4132.3037109375,4.957691049429405,7.699054877275913,15.556347799219328
Bentheimer,0.24016608796296296,4132.3037109375,4.957691049429405,7.699054877275915,15.556347799219328
Bentheimer,0.24016608796296296,4132.3037109375,4.957691049429405,7.699054877275914,15.556347799219328
Bentheimer,0.2786857638888889,3151.77099609375,5.066693168897127,7.7524606365625,17.653078595683088
Bentheimer,0.2786857638888889,3151.77099609375,5.066693168897127,7.752460636562501,17.653078595683088
Bentheimer,0.2786857638888889,3151.771240234375,5.066693168897127,7.7524606365625,17.653078595683088
Bentheimer,0.2786857638888889,3151.77099609375,5.066693168897127,7.752460636562502,17.653078595683088
Bentheimer,0.2836446759259259,4834.09375,5.242073124790345,8.60013907726457,15.20690265531322
Bentheimer,0.2836446759259259,4834.09375,5.242073124790345,8.600139077264574,15.20690265531322
Bentheimer,0.2836446759259259,4834.09375,5.242073124790345,8.600139077264574,15.20690265531322
Bentheimer,0.2836446759259259,4834.09375,5.242073124790345,8.600139077264576,15.20690265531322
